-- VNMT Database Export
-- Generated: 2025-10-25 08:51:02

SET SQL_MODE = "NO_AUTO_VALUE_ON_ZERO";
SET time_zone = "+00:00";


-- Table structure for table `access_logs`
DROP TABLE IF EXISTS `access_logs`;
CREATE TABLE `access_logs` (
  `id` int(11) NOT NULL AUTO_INCREMENT,
  `page_url` varchar(500) DEFAULT NULL,
  `user_ip` varchar(45) DEFAULT NULL,
  `user_agent` text DEFAULT NULL,
  `access_time` timestamp NOT NULL DEFAULT current_timestamp(),
  `session_id` varchar(255) DEFAULT NULL,
  `referrer` varchar(500) DEFAULT NULL,
  PRIMARY KEY (`id`)
) ENGINE=InnoDB DEFAULT CHARSET=utf8mb4 COLLATE=utf8mb4_unicode_ci;

-- Dumping data for table `access_logs`

-- Table structure for table `activity_logs`
DROP TABLE IF EXISTS `activity_logs`;
CREATE TABLE `activity_logs` (
  `id` int(11) NOT NULL AUTO_INCREMENT,
  `user_id` int(11) DEFAULT NULL,
  `action` varchar(255) DEFAULT NULL,
  `model_type` varchar(100) DEFAULT NULL,
  `model_id` int(11) DEFAULT NULL,
  `changes` text DEFAULT NULL,
  `ip` varchar(45) DEFAULT NULL,
  `created_at` timestamp NOT NULL DEFAULT current_timestamp(),
  PRIMARY KEY (`id`),
  KEY `user_id` (`user_id`),
  CONSTRAINT `activity_logs_ibfk_1` FOREIGN KEY (`user_id`) REFERENCES `users` (`id`) ON DELETE SET NULL
) ENGINE=InnoDB AUTO_INCREMENT=23 DEFAULT CHARSET=utf8mb4 COLLATE=utf8mb4_unicode_ci;

-- Dumping data for table `activity_logs`
INSERT INTO `activity_logs` (`id`, `user_id`, `action`, `model_type`, `model_id`, `changes`, `ip`, `created_at`) VALUES ('1', '1', 'update_product', 'product', '3', '{\"name\":\"B\\u00e0n l\\u00e0m vi\\u1ec7c hi\\u1ec7n \\u0111\\u1ea1i\",\"price\":2500000}', '::1', '2025-10-21 11:55:08');
INSERT INTO `activity_logs` (`id`, `user_id`, `action`, `model_type`, `model_id`, `changes`, `ip`, `created_at`) VALUES ('2', '1', 'toggle_user_status', 'user', '1', NULL, '::1', '2025-10-21 13:27:52');
INSERT INTO `activity_logs` (`id`, `user_id`, `action`, `model_type`, `model_id`, `changes`, `ip`, `created_at`) VALUES ('3', '1', 'toggle_user_status', 'user', '1', NULL, '::1', '2025-10-21 13:27:54');
INSERT INTO `activity_logs` (`id`, `user_id`, `action`, `model_type`, `model_id`, `changes`, `ip`, `created_at`) VALUES ('4', '1', 'toggle_product_status', 'product', '3', NULL, '::1', '2025-10-21 13:37:08');
INSERT INTO `activity_logs` (`id`, `user_id`, `action`, `model_type`, `model_id`, `changes`, `ip`, `created_at`) VALUES ('5', '1', 'toggle_product_status', 'product', '2', NULL, '::1', '2025-10-21 13:37:10');
INSERT INTO `activity_logs` (`id`, `user_id`, `action`, `model_type`, `model_id`, `changes`, `ip`, `created_at`) VALUES ('6', '1', 'update_product', 'product', '2', '{\"name\":\"G\\u1ea1ch ceramic Viglacera\",\"price\":450000}', '::1', '2025-10-21 13:42:29');
INSERT INTO `activity_logs` (`id`, `user_id`, `action`, `model_type`, `model_id`, `changes`, `ip`, `created_at`) VALUES ('7', '1', 'toggle_product_status', 'product', '3', NULL, '::1', '2025-10-21 13:46:35');
INSERT INTO `activity_logs` (`id`, `user_id`, `action`, `model_type`, `model_id`, `changes`, `ip`, `created_at`) VALUES ('8', '1', 'toggle_product_status', 'product', '2', NULL, '::1', '2025-10-21 13:46:36');
INSERT INTO `activity_logs` (`id`, `user_id`, `action`, `model_type`, `model_id`, `changes`, `ip`, `created_at`) VALUES ('9', '1', 'toggle_partner', 'partner', '1', NULL, '::1', '2025-10-24 13:51:04');
INSERT INTO `activity_logs` (`id`, `user_id`, `action`, `model_type`, `model_id`, `changes`, `ip`, `created_at`) VALUES ('10', '1', 'toggle_partner', 'partner', '1', NULL, '::1', '2025-10-24 13:51:05');
INSERT INTO `activity_logs` (`id`, `user_id`, `action`, `model_type`, `model_id`, `changes`, `ip`, `created_at`) VALUES ('11', '1', 'toggle_partner', 'partner', '1', NULL, '::1', '2025-10-24 13:51:06');
INSERT INTO `activity_logs` (`id`, `user_id`, `action`, `model_type`, `model_id`, `changes`, `ip`, `created_at`) VALUES ('12', '1', 'update_slider', 'slider', '3', NULL, '::1', '2025-10-25 13:15:52');
INSERT INTO `activity_logs` (`id`, `user_id`, `action`, `model_type`, `model_id`, `changes`, `ip`, `created_at`) VALUES ('13', '1', 'update_slider', 'slider', '5', NULL, '::1', '2025-10-25 13:17:12');
INSERT INTO `activity_logs` (`id`, `user_id`, `action`, `model_type`, `model_id`, `changes`, `ip`, `created_at`) VALUES ('14', '1', 'update_slider', 'slider', '1', NULL, '::1', '2025-10-25 13:17:17');
INSERT INTO `activity_logs` (`id`, `user_id`, `action`, `model_type`, `model_id`, `changes`, `ip`, `created_at`) VALUES ('15', '1', 'update_slider', 'slider', '2', NULL, '::1', '2025-10-25 13:17:23');
INSERT INTO `activity_logs` (`id`, `user_id`, `action`, `model_type`, `model_id`, `changes`, `ip`, `created_at`) VALUES ('16', '1', 'update_slider', 'slider', '1', NULL, '::1', '2025-10-25 13:27:17');
INSERT INTO `activity_logs` (`id`, `user_id`, `action`, `model_type`, `model_id`, `changes`, `ip`, `created_at`) VALUES ('17', '1', 'update_slider', 'slider', '1', NULL, '::1', '2025-10-25 13:27:24');
INSERT INTO `activity_logs` (`id`, `user_id`, `action`, `model_type`, `model_id`, `changes`, `ip`, `created_at`) VALUES ('18', '1', 'update_slider', 'slider', '2', NULL, '::1', '2025-10-25 13:28:51');
INSERT INTO `activity_logs` (`id`, `user_id`, `action`, `model_type`, `model_id`, `changes`, `ip`, `created_at`) VALUES ('19', '1', 'update_slider', 'slider', '2', NULL, '::1', '2025-10-25 13:28:57');
INSERT INTO `activity_logs` (`id`, `user_id`, `action`, `model_type`, `model_id`, `changes`, `ip`, `created_at`) VALUES ('20', '1', 'update_slider', 'slider', '2', NULL, '::1', '2025-10-25 13:29:06');
INSERT INTO `activity_logs` (`id`, `user_id`, `action`, `model_type`, `model_id`, `changes`, `ip`, `created_at`) VALUES ('21', '1', 'update_slider', 'slider', '2', NULL, '::1', '2025-10-25 13:29:26');
INSERT INTO `activity_logs` (`id`, `user_id`, `action`, `model_type`, `model_id`, `changes`, `ip`, `created_at`) VALUES ('22', '1', 'update_slider', 'slider', '2', NULL, '::1', '2025-10-25 13:29:34');


-- Table structure for table `categories`
DROP TABLE IF EXISTS `categories`;
CREATE TABLE `categories` (
  `id` int(11) NOT NULL,
  `name` varchar(255) NOT NULL,
  `description` text DEFAULT NULL,
  `created_at` timestamp NOT NULL DEFAULT current_timestamp(),
  PRIMARY KEY (`id`)
) ENGINE=InnoDB DEFAULT CHARSET=utf8mb4 COLLATE=utf8mb4_unicode_ci;

-- Dumping data for table `categories`
INSERT INTO `categories` (`id`, `name`, `description`, `created_at`) VALUES ('1', 'Vật liệu xây dựng', NULL, '2025-10-22 13:27:37');
INSERT INTO `categories` (`id`, `name`, `description`, `created_at`) VALUES ('2', 'Nội thất', NULL, '2025-10-22 13:27:37');
INSERT INTO `categories` (`id`, `name`, `description`, `created_at`) VALUES ('3', 'Cảnh quan', NULL, '2025-10-22 13:27:37');
INSERT INTO `categories` (`id`, `name`, `description`, `created_at`) VALUES ('4', 'Thiết bị', NULL, '2025-10-22 13:27:37');
INSERT INTO `categories` (`id`, `name`, `description`, `created_at`) VALUES ('5', 'Công nghệ', NULL, '2025-10-22 13:27:37');


-- Table structure for table `comments`
DROP TABLE IF EXISTS `comments`;
CREATE TABLE `comments` (
  `id` int(11) NOT NULL AUTO_INCREMENT,
  `post_id` int(11) NOT NULL,
  `author_name` varchar(100) NOT NULL,
  `author_email` varchar(100) NOT NULL,
  `author_website` varchar(255) DEFAULT NULL,
  `content` text NOT NULL,
  `status` enum('pending','approved','spam','trash') DEFAULT 'pending',
  `ip_address` varchar(45) DEFAULT NULL,
  `user_agent` text DEFAULT NULL,
  `created_at` datetime DEFAULT current_timestamp(),
  `updated_at` datetime DEFAULT current_timestamp() ON UPDATE current_timestamp(),
  `user_id` int(11) DEFAULT NULL,
  PRIMARY KEY (`id`),
  KEY `idx_post_id` (`post_id`),
  KEY `idx_status` (`status`),
  KEY `idx_created_at` (`created_at`),
  CONSTRAINT `comments_ibfk_1` FOREIGN KEY (`post_id`) REFERENCES `posts` (`id`) ON DELETE CASCADE
) ENGINE=InnoDB AUTO_INCREMENT=13 DEFAULT CHARSET=utf8mb4 COLLATE=utf8mb4_unicode_ci;

-- Dumping data for table `comments`
INSERT INTO `comments` (`id`, `post_id`, `author_name`, `author_email`, `author_website`, `content`, `status`, `ip_address`, `user_agent`, `created_at`, `updated_at`, `user_id`) VALUES ('1', '1', 'Lê Văn C', 'levanc@example.com', NULL, 'Có thể giải thích thêm về phần này được không? Tôi hơi chưa hiểu lắm.', 'approved', '127.0.0.1', NULL, '2025-10-25 14:24:09', '2025-10-25 14:24:09', NULL);
INSERT INTO `comments` (`id`, `post_id`, `author_name`, `author_email`, `author_website`, `content`, `status`, `ip_address`, `user_agent`, `created_at`, `updated_at`, `user_id`) VALUES ('2', '1', 'Phạm Thị D', 'phamthid@example.com', NULL, 'Đúng như những gì tôi đang tìm kiếm. Cảm ơn bạn rất nhiều!', 'approved', '127.0.0.1', NULL, '2025-10-25 14:24:09', '2025-10-25 14:24:09', NULL);
INSERT INTO `comments` (`id`, `post_id`, `author_name`, `author_email`, `author_website`, `content`, `status`, `ip_address`, `user_agent`, `created_at`, `updated_at`, `user_id`) VALUES ('3', '2', 'Phạm Thị D', 'phamthid@example.com', NULL, 'Đúng như những gì tôi đang tìm kiếm. Cảm ơn bạn rất nhiều!', 'approved', '127.0.0.1', NULL, '2025-10-25 14:24:09', '2025-10-25 14:24:09', NULL);
INSERT INTO `comments` (`id`, `post_id`, `author_name`, `author_email`, `author_website`, `content`, `status`, `ip_address`, `user_agent`, `created_at`, `updated_at`, `user_id`) VALUES ('4', '2', 'Hoàng Văn E', 'hoangvane@example.com', NULL, 'Nội dung tuyệt vời! Mong chờ những bài viết tiếp theo.', 'approved', '127.0.0.1', NULL, '2025-10-25 14:24:09', '2025-10-25 14:24:09', NULL);
INSERT INTO `comments` (`id`, `post_id`, `author_name`, `author_email`, `author_website`, `content`, `status`, `ip_address`, `user_agent`, `created_at`, `updated_at`, `user_id`) VALUES ('5', '3', 'Nguyễn Văn A', 'nguyenvana@example.com', NULL, 'Bài viết rất hay và bổ ích! Cảm ơn tác giả đã chia sẻ.', 'pending', '127.0.0.1', NULL, '2025-10-25 14:24:09', '2025-10-25 14:24:09', NULL);
INSERT INTO `comments` (`id`, `post_id`, `author_name`, `author_email`, `author_website`, `content`, `status`, `ip_address`, `user_agent`, `created_at`, `updated_at`, `user_id`) VALUES ('6', '3', 'Trần Thị B', 'tranthib@example.com', NULL, 'Thông tin rất chi tiết và dễ hiểu. Tôi đã học được nhiều điều mới.', 'pending', '127.0.0.1', NULL, '2025-10-25 14:24:09', '2025-10-25 14:24:09', NULL);
INSERT INTO `comments` (`id`, `post_id`, `author_name`, `author_email`, `author_website`, `content`, `status`, `ip_address`, `user_agent`, `created_at`, `updated_at`, `user_id`) VALUES ('7', '3', 'Lê Văn C', 'levanc@example.com', NULL, 'Có thể giải thích thêm về phần này được không? Tôi hơi chưa hiểu lắm.', 'approved', '127.0.0.1', NULL, '2025-10-25 14:24:09', '2025-10-25 14:24:09', NULL);
INSERT INTO `comments` (`id`, `post_id`, `author_name`, `author_email`, `author_website`, `content`, `status`, `ip_address`, `user_agent`, `created_at`, `updated_at`, `user_id`) VALUES ('8', '4', 'Nguyễn Văn A', 'nguyenvana@example.com', NULL, 'Bài viết rất hay và bổ ích! Cảm ơn tác giả đã chia sẻ.', 'approved', '127.0.0.1', NULL, '2025-10-25 14:24:09', '2025-10-25 14:24:09', NULL);
INSERT INTO `comments` (`id`, `post_id`, `author_name`, `author_email`, `author_website`, `content`, `status`, `ip_address`, `user_agent`, `created_at`, `updated_at`, `user_id`) VALUES ('9', '4', 'Lê Văn C', 'levanc@example.com', NULL, 'Có thể giải thích thêm về phần này được không? Tôi hơi chưa hiểu lắm.', 'approved', '127.0.0.1', NULL, '2025-10-25 14:24:09', '2025-10-25 14:24:09', NULL);
INSERT INTO `comments` (`id`, `post_id`, `author_name`, `author_email`, `author_website`, `content`, `status`, `ip_address`, `user_agent`, `created_at`, `updated_at`, `user_id`) VALUES ('10', '5', 'Phạm Thị D', 'phamthid@example.com', NULL, 'Đúng như những gì tôi đang tìm kiếm. Cảm ơn bạn rất nhiều!', 'approved', '127.0.0.1', NULL, '2025-10-25 14:24:09', '2025-10-25 14:24:09', NULL);
INSERT INTO `comments` (`id`, `post_id`, `author_name`, `author_email`, `author_website`, `content`, `status`, `ip_address`, `user_agent`, `created_at`, `updated_at`, `user_id`) VALUES ('11', '5', 'Phạm Thị D', 'phamthid@example.com', NULL, 'Đúng như những gì tôi đang tìm kiếm. Cảm ơn bạn rất nhiều!', 'pending', '127.0.0.1', NULL, '2025-10-25 14:24:09', '2025-10-25 14:24:09', NULL);
INSERT INTO `comments` (`id`, `post_id`, `author_name`, `author_email`, `author_website`, `content`, `status`, `ip_address`, `user_agent`, `created_at`, `updated_at`, `user_id`) VALUES ('12', '5', 'Lê Văn C', 'levanc@example.com', NULL, 'Có thể giải thích thêm về phần này được không? Tôi hơi chưa hiểu lắm.', 'approved', '127.0.0.1', NULL, '2025-10-25 14:24:09', '2025-10-25 14:24:09', NULL);


-- Table structure for table `partners`
DROP TABLE IF EXISTS `partners`;
CREATE TABLE `partners` (
  `id` int(11) NOT NULL AUTO_INCREMENT,
  `name` varchar(255) NOT NULL,
  `image_path` varchar(500) NOT NULL,
  `status` tinyint(4) DEFAULT 1,
  `display_order` int(11) DEFAULT 0,
  `created_at` timestamp NOT NULL DEFAULT current_timestamp(),
  `updated_at` timestamp NOT NULL DEFAULT current_timestamp() ON UPDATE current_timestamp(),
  PRIMARY KEY (`id`)
) ENGINE=InnoDB AUTO_INCREMENT=8 DEFAULT CHARSET=utf8mb4 COLLATE=utf8mb4_unicode_ci;

-- Dumping data for table `partners`
INSERT INTO `partners` (`id`, `name`, `image_path`, `status`, `display_order`, `created_at`, `updated_at`) VALUES ('1', 'Armstrong', 'assets/images/partner-1.svg', '0', '1', '2025-10-24 13:45:22', '2025-10-24 13:51:06');
INSERT INTO `partners` (`id`, `name`, `image_path`, `status`, `display_order`, `created_at`, `updated_at`) VALUES ('2', 'Adchem', 'assets/images/partner-2.svg', '1', '2', '2025-10-24 13:45:22', '2025-10-24 13:45:22');
INSERT INTO `partners` (`id`, `name`, `image_path`, `status`, `display_order`, `created_at`, `updated_at`) VALUES ('3', 'ABC Play', 'assets/images/partner-3.svg', '1', '3', '2025-10-24 13:45:22', '2025-10-24 13:45:22');
INSERT INTO `partners` (`id`, `name`, `image_path`, `status`, `display_order`, `created_at`, `updated_at`) VALUES ('4', 'Acoustar', 'assets/images/partner-4.svg', '1', '4', '2025-10-24 13:45:22', '2025-10-24 13:45:22');
INSERT INTO `partners` (`id`, `name`, `image_path`, `status`, `display_order`, `created_at`, `updated_at`) VALUES ('5', 'AICA', 'assets/images/partner-5.svg', '1', '5', '2025-10-24 13:45:22', '2025-10-24 13:45:22');
INSERT INTO `partners` (`id`, `name`, `image_path`, `status`, `display_order`, `created_at`, `updated_at`) VALUES ('6', 'ALSAFLOOR', 'assets/images/partner-6.svg', '1', '6', '2025-10-24 13:45:22', '2025-10-24 13:45:22');
INSERT INTO `partners` (`id`, `name`, `image_path`, `status`, `display_order`, `created_at`, `updated_at`) VALUES ('7', 'ALMECO', 'assets/images/partner-7.svg', '1', '7', '2025-10-24 13:45:22', '2025-10-24 13:45:22');


-- Table structure for table `posts`
DROP TABLE IF EXISTS `posts`;
CREATE TABLE `posts` (
  `id` int(11) NOT NULL AUTO_INCREMENT,
  `title` varchar(255) NOT NULL,
  `slug` varchar(255) NOT NULL,
  `content` text NOT NULL,
  `excerpt` text DEFAULT NULL,
  `featured_image` varchar(255) DEFAULT NULL,
  `author` varchar(100) DEFAULT 'Admin',
  `category` varchar(100) DEFAULT NULL,
  `status` enum('draft','published','scheduled') DEFAULT 'draft',
  `featured` tinyint(1) DEFAULT 0,
  `views` int(11) DEFAULT 0,
  `published_at` datetime DEFAULT NULL,
  `created_at` datetime DEFAULT current_timestamp(),
  `updated_at` datetime DEFAULT current_timestamp() ON UPDATE current_timestamp(),
  PRIMARY KEY (`id`),
  UNIQUE KEY `slug` (`slug`),
  KEY `idx_status` (`status`),
  KEY `idx_published_at` (`published_at`),
  KEY `idx_featured` (`featured`),
  KEY `idx_slug` (`slug`)
) ENGINE=InnoDB AUTO_INCREMENT=21 DEFAULT CHARSET=utf8mb4 COLLATE=utf8mb4_unicode_ci;

-- Dumping data for table `posts`
INSERT INTO `posts` (`id`, `title`, `slug`, `content`, `excerpt`, `featured_image`, `author`, `category`, `status`, `featured`, `views`, `published_at`, `created_at`, `updated_at`) VALUES ('1', 'Xu Hướng Vật Liệu Xây Dựng Xanh 2025', 'xu-huong-vat-lieu-xay-dung-xanh-2025', '<p>Vật liệu xây dựng xanh đang trở thành xu hướng tất yếu trong ngành xây dựng hiện đại. Với nhu cầu ngày càng tăng về sống bền vững và thân thiện với môi trường, các nhà thầu và chủ đầu tư đang tìm kiếm những giải pháp vật liệu mới.</p><p>Một số vật liệu xây dựng xanh phổ biến:</p><ul><li>Gạch không nung</li><li>Bê tông sinh thái</li><li>Gỗ tái chế</li><li>Kính cách nhiệt</li><li>Sơn thân thiện môi trường</li></ul>', 'Khám phá các xu hướng vật liệu xây dựng xanh và bền vững cho năm 2025', 'https://images.unsplash.com/photo-1600585154340-be6161a56a0c?w=800', 'Admin', 'Vật liệu', 'published', '1', '1', '2025-10-25 06:45:37', '2025-10-25 13:45:37', '2025-10-25 14:41:46');
INSERT INTO `posts` (`id`, `title`, `slug`, `content`, `excerpt`, `featured_image`, `author`, `category`, `status`, `featured`, `views`, `published_at`, `created_at`, `updated_at`) VALUES ('2', 'Công Nghệ BIM Trong Xây Dựng', 'cong-nghe-bim-trong-xay-dung', '<p>Building Information Modeling (BIM) đang cách mạng hóa cách chúng ta thiết kế và xây dựng. BIM không chỉ là một phần mềm 3D mà còn là một quy trình làm việc tích hợp.</p><p>Lợi ích của BIM:</p><ul><li>Giảm sai sót thiết kế</li><li>Tối ưu chi phí thi công</li><li>Quản lý dự án hiệu quả</li><li>Hợp tác đa ngành chuyên môn</li></ul>', 'Tìm hiểu về công nghệ BIM và ứng dụng trong ngành xây dựng Việt Nam', 'https://images.unsplash.com/photo-1503387762-592deb58ef4e?w=800', 'Admin', 'Công nghệ', 'published', '1', '0', '2025-10-24 06:45:37', '2025-10-25 13:45:37', '2025-10-25 13:45:37');
INSERT INTO `posts` (`id`, `title`, `slug`, `content`, `excerpt`, `featured_image`, `author`, `category`, `status`, `featured`, `views`, `published_at`, `created_at`, `updated_at`) VALUES ('3', 'Top 10 Thiết Bị Thi Công Hiện Đại', 'top-10-thiet-bi-thi-cong-hien-dai', '<p>Thiết bị thi công hiện đại giúp tăng năng suất và đảm bảo chất lượng công trình. Dưới đây là danh sách 10 thiết bị được sử dụng phổ biến nhất.</p><p>1. Máy trộn bê tông tự hành<br>2. Cần trục tháp<br>3. Máy đào bánh xích<br>4. Máy ủi<br>5. Máy lu rung<br>6. Máy bơm bê tông<br>7. Máy cắt sắt tự động<br>8. Máy hàn điện tử<br>9. Máy đầm bàn<br>10. Thang máy công trình</p>', 'Danh sách các thiết bị thi công hiện đại nhất hiện nay', 'https://images.unsplash.com/photo-1504307651254-35680f356dfd?w=800', 'Admin', 'Thiết bị', 'published', '0', '0', '2025-10-23 06:45:37', '2025-10-25 13:45:37', '2025-10-25 13:45:37');
INSERT INTO `posts` (`id`, `title`, `slug`, `content`, `excerpt`, `featured_image`, `author`, `category`, `status`, `featured`, `views`, `published_at`, `created_at`, `updated_at`) VALUES ('4', 'Cảnh Quan Xanh Cho Công Trình', 'canh-quan-xanh-cho-cong-trinh', '<p>Cảnh quan xanh không chỉ làm đẹp công trình mà còn mang lại nhiều lợi ích về môi trường và sức khỏe. Xu hướng thiết kế cảnh quan hiện nay hướng đến tự nhiên và bền vững.</p><p>Các yếu tố quan trọng:</p><ul><li>Chọn cây phù hợp khí hậu</li><li>Hệ thống tưới tiết kiệm nước</li><li>Sử dụng vật liệu tái chế</li><li>Thiết kế không gian xanh đa chức năng</li></ul>', 'Hướng dẫn thiết kế cảnh quan xanh cho các công trình xây dựng', 'https://images.unsplash.com/photo-1585320806297-9794b3e4eeae?w=800', 'Admin', 'Cảnh quan', 'published', '0', '0', '2025-10-22 06:45:37', '2025-10-25 13:45:37', '2025-10-25 13:45:37');
INSERT INTO `posts` (`id`, `title`, `slug`, `content`, `excerpt`, `featured_image`, `author`, `category`, `status`, `featured`, `views`, `published_at`, `created_at`, `updated_at`) VALUES ('5', 'Hướng Dẫn Chọn Mua Vật Liệu Xây Dựng', 'huong-dan-chon-mua-vat-lieu-xay-dung', '<p>Chọn mua vật liệu xây dựng chất lượng là yếu tố then chốt quyết định độ bền của công trình. Bài viết này sẽ hướng dẫn bạn cách chọn lựa vật liệu phù hợp.</p><p>Các bước chọn mua:</p><ol><li>Xác định nhu cầu sử dụng</li><li>So sánh giá cả và chất lượng</li><li>Kiểm tra xuất xứ và chứng nhận</li><li>Đọc reviews từ người dùng</li><li>Mua từ nhà cung cấp uy tín</li></ol>', 'Bí quyết chọn mua vật liệu xây dựng chất lượng với giá tốt nhất', 'https://images.unsplash.com/photo-1541888946425-d81bb19240f5?w=800', 'Admin', 'Vật liệu', 'draft', '0', '0', NULL, '2025-10-25 13:45:37', '2025-10-25 13:45:37');
INSERT INTO `posts` (`id`, `title`, `slug`, `content`, `excerpt`, `featured_image`, `author`, `category`, `status`, `featured`, `views`, `published_at`, `created_at`, `updated_at`) VALUES ('6', 'Gạch Ốp Lát Cao Cấp - Xu Hướng 2025', 'gach-op-lat-cao-cap-xu-huong-2025', '<p>Gạch ốp lát là một trong những vật liệu quan trọng nhất trong xây dựng hiện đại. Năm 2025 chứng kiến sự bùng nổ của các mẫu gạch với thiết kế đa dạng và công nghệ sản xuất tiên tiến.</p><h3>Các loại gạch phổ biến:</h3><ul><li>Gạch Porcelain - Độ bền cao, chống thấm tốt</li><li>Gạch Ceramic - Giá thành hợp lý, đa dạng mẫu mã</li><li>Gạch Granite - Sang trọng, bền đẹp</li><li>Gạch 3D - Tạo hiệu ứng thị giác độc đáo</li></ul><p>Việc lựa chọn gạch phù hợp sẽ giúp công trình của bạn thêm phần đẹp mắt và bền vững theo thời gian.</p>', 'Khám phá các loại gạch ốp lát cao cấp và xu hướng thiết kế mới nhất năm 2025', 'https://images.unsplash.com/photo-1615873968403-89e068629265?w=800&h=450&fit=crop', 'Admin', 'Vật liệu', 'published', '1', '0', '2025-10-13 06:50:37', '2025-10-25 13:50:37', '2025-10-25 13:50:37');
INSERT INTO `posts` (`id`, `title`, `slug`, `content`, `excerpt`, `featured_image`, `author`, `category`, `status`, `featured`, `views`, `published_at`, `created_at`, `updated_at`) VALUES ('7', 'Sơn Chống Thấm Hiệu Quả Cho Nhà Ở', 'son-chong-tham-hieu-qua-cho-nha-o', '<p>Vấn đề thấm nước là nỗi lo của nhiều gia đình. Sơn chống thấm giúp bảo vệ công trình khỏi tác động của độ ẩm và nước mưa.</p><h3>Các loại sơn chống thấm:</h3><ol><li><strong>Sơn Acrylic</strong> - Dễ thi công, giá cả phải chăng</li><li><strong>Sơn Polyurethane</strong> - Độ bền cao, chống tia UV</li><li><strong>Sơn Epoxy</strong> - Chống thấm tuyệt đối, dùng cho sàn và tường</li></ol><p>Nên chọn sản phẩm của các thương hiệu uy tín và thi công đúng kỹ thuật để đảm bảo hiệu quả chống thấm lâu dài.</p>', 'Hướng dẫn chi tiết về các loại sơn chống thấm và cách lựa chọn phù hợp', 'https://images.unsplash.com/photo-1589939705384-5185137a7f0f?w=800&h=450&fit=crop', 'Admin', 'Vật liệu', 'published', '0', '0', '2025-10-19 06:50:37', '2025-10-25 13:50:37', '2025-10-25 13:50:37');
INSERT INTO `posts` (`id`, `title`, `slug`, `content`, `excerpt`, `featured_image`, `author`, `category`, `status`, `featured`, `views`, `published_at`, `created_at`, `updated_at`) VALUES ('8', 'Xi Măng Chất Lượng - Nền Tảng Công Trình', 'xi-mang-chat-luong-nen-tang-cong-trinh', '<p>Xi măng là vật liệu không thể thiếu trong mọi công trình xây dựng. Chất lượng xi măng quyết định trực tiếp đến độ bền của công trình.</p><h3>Các loại xi măng phổ biến:</h3><ul><li>Xi măng Portland PC30, PC40, PC50</li><li>Xi măng trộn hỗn hợp PCB</li><li>Xi măng chống sulfat</li><li>Xi măng trắng trang trí</li></ul><p>Khi mua xi măng cần kiểm tra tem nhãn, ngày sản xuất và bảo quản đúng cách để đảm bảo chất lượng.</p>', 'Tìm hiểu về các loại xi măng và cách chọn mua xi măng chất lượng', 'https://images.unsplash.com/photo-1625047509248-ec889cbff17f?w=800&h=450&fit=crop', 'Admin', 'Vật liệu', 'published', '1', '0', '2025-09-25 06:50:37', '2025-10-25 13:50:37', '2025-10-25 13:50:37');
INSERT INTO `posts` (`id`, `title`, `slug`, `content`, `excerpt`, `featured_image`, `author`, `category`, `status`, `featured`, `views`, `published_at`, `created_at`, `updated_at`) VALUES ('9', 'Máy Trộn Bê Tông Tự Hành - Đỉnh Cao Công Nghệ', 'may-tron-be-tong-tu-hanh-dinh-cao-cong-nghe', '<p>Máy trộn bê tông tự hành là thiết bị quan trọng trong các công trình xây dựng lớn. Với công suất mạnh mẽ và khả năng di chuyển linh hoạt, thiết bị này giúp tăng năng suất thi công đáng kể.</p><h3>Ưu điểm nổi bật:</h3><ul><li>Trộn đều và nhanh chóng</li><li>Di chuyển dễ dàng trong công trường</li><li>Tiết kiệm nhân công</li><li>Đảm bảo chất lượng bê tông</li></ul>', 'Tìm hiểu về máy trộn bê tông tự hành và ứng dụng trong xây dựng', 'https://images.unsplash.com/photo-1581094794329-c8112c4e5190?w=800&h=450&fit=crop', 'Admin', 'Thiết bị', 'published', '0', '0', '2025-10-07 06:50:37', '2025-10-25 13:50:37', '2025-10-25 13:50:37');
INSERT INTO `posts` (`id`, `title`, `slug`, `content`, `excerpt`, `featured_image`, `author`, `category`, `status`, `featured`, `views`, `published_at`, `created_at`, `updated_at`) VALUES ('10', 'Cần Trục Tháp - Giải Pháp Nâng Hạ Hiệu Quả', 'can-truc-thap-giai-phap-nang-ha-hieu-qua', '<p>Cần trục tháp là thiết bị không thể thiếu trong xây dựng nhà cao tầng. Với tầm với lớn và sức nâng cao, cần trục giúp vận chuyển vật liệu lên độ cao dễ dàng.</p><h3>Các loại cần trục:</h3><ol><li>Cần trục tháp đứng</li><li>Cần trục tháp di động</li><li>Cần trục tháp leo</li></ol><p>Việc vận hành cần trục cần người có chứng chỉ và tuân thủ nghiêm ngặt các quy định an toàn.</p>', 'Tất tần tật về cần trục tháp và vai trò trong xây dựng hiện đại', 'https://images.unsplash.com/photo-1590859808308-3d2d9c515b1a?w=800&h=450&fit=crop', 'Admin', 'Thiết bị', 'published', '0', '0', '2025-10-22 06:50:37', '2025-10-25 13:50:37', '2025-10-25 13:50:37');
INSERT INTO `posts` (`id`, `title`, `slug`, `content`, `excerpt`, `featured_image`, `author`, `category`, `status`, `featured`, `views`, `published_at`, `created_at`, `updated_at`) VALUES ('11', 'Máy Đào Bánh Xích - Sức Mạnh Công Trường', 'may-dao-banh-xich-suc-manh-cong-truong', '<p>Máy đào bánh xích là thiết bị chủ lực trong công tác san lấp mặt bằng và đào móng. Với sức mạnh vượt trội, máy có thể làm việc trên nhiều địa hình khác nhau.</p><h3>Ứng dụng chính:</h3><ul><li>Đào móng công trình</li><li>San lấp mặt bằng</li><li>Làm đường giao thông</li><li>Khai thác mỏ</li></ul>', 'Khám phá sức mạnh của máy đào bánh xích trong xây dựng', 'https://images.unsplash.com/photo-1581093458791-9d42e2d7f1f9?w=800&h=450&fit=crop', 'Admin', 'Thiết bị', 'published', '1', '0', '2025-10-19 06:50:37', '2025-10-25 13:50:37', '2025-10-25 13:50:37');
INSERT INTO `posts` (`id`, `title`, `slug`, `content`, `excerpt`, `featured_image`, `author`, `category`, `status`, `featured`, `views`, `published_at`, `created_at`, `updated_at`) VALUES ('12', 'Phần Mềm Thiết Kế 3D Cho Kiến Trúc', 'phan-mem-thiet-ke-3d-cho-kien-truc', '<p>Phần mềm thiết kế 3D đã trở thành công cụ không thể thiếu của các kiến trúc sư và kỹ sư xây dựng. Nó giúp hiện thực hóa ý tưởng thiết kế một cách trực quan và chính xác.</p><h3>Phần mềm phổ biến:</h3><ul><li>AutoCAD - Tiêu chuẩn ngành</li><li>SketchUp - Dễ học, dễ dùng</li><li>Revit - Chuyên nghiệp cho BIM</li><li>3ds Max - Render chất lượng cao</li><li>ArchiCAD - Tối ưu cho kiến trúc</li></ul>', 'Tổng hợp các phần mềm thiết kế 3D hàng đầu cho kiến trúc sư', 'https://images.unsplash.com/photo-1559028012-481c04fa702d?w=800&h=450&fit=crop', 'Admin', 'Công nghệ', 'published', '1', '0', '2025-10-07 06:50:37', '2025-10-25 13:50:37', '2025-10-25 13:50:37');
INSERT INTO `posts` (`id`, `title`, `slug`, `content`, `excerpt`, `featured_image`, `author`, `category`, `status`, `featured`, `views`, `published_at`, `created_at`, `updated_at`) VALUES ('13', 'IoT Trong Quản Lý Tòa Nhà Thông Minh', 'iot-trong-quan-ly-toa-nha-thong-minh', '<p>Internet of Things (IoT) đang cách mạng hóa cách quản lý tòa nhà. Các cảm biến thông minh giúp tối ưu hóa năng lượng, bảo mật và tiện nghi cho cư dân.</p><h3>Ứng dụng IoT:</h3><ol><li>Điều khiển chiếu sáng tự động</li><li>Quản lý nhiệt độ thông minh</li><li>Hệ thống an ninh tích hợp</li><li>Giám sát năng lượng</li><li>Cảnh báo sự cố sớm</li></ol>', 'Khám phá ứng dụng IoT trong xây dựng tòa nhà thông minh', 'https://images.unsplash.com/photo-1558002038-1055907df827?w=800&h=450&fit=crop', 'Admin', 'Công nghệ', 'published', '0', '0', '2025-09-30 06:50:37', '2025-10-25 13:50:37', '2025-10-25 13:50:37');
INSERT INTO `posts` (`id`, `title`, `slug`, `content`, `excerpt`, `featured_image`, `author`, `category`, `status`, `featured`, `views`, `published_at`, `created_at`, `updated_at`) VALUES ('14', 'In 3D Trong Xây Dựng - Tương Lai Đã Đến', 'in-3d-trong-xay-dung-tuong-lai-da-den', '<p>Công nghệ in 3D đang mở ra kỷ nguyên mới cho ngành xây dựng. Nhà in 3D có thể được xây dựng nhanh chóng, tiết kiệm chi phí và thân thiện với môi trường.</p><h3>Lợi ích của in 3D:</h3><ul><li>Giảm 50-70% thời gian thi công</li><li>Tiết kiệm 30-40% chi phí vật liệu</li><li>Linh hoạt trong thiết kế</li><li>Giảm chất thải xây dựng</li><li>Có thể in ở vùng sâu vùng xa</li></ul>', 'Công nghệ in 3D đang thay đổi ngành xây dựng như thế nào', 'https://images.unsplash.com/photo-1581092160562-40aa08e78837?w=800&h=450&fit=crop', 'Admin', 'Công nghệ', 'published', '1', '0', '2025-09-30 06:50:37', '2025-10-25 13:50:37', '2025-10-25 13:50:37');
INSERT INTO `posts` (`id`, `title`, `slug`, `content`, `excerpt`, `featured_image`, `author`, `category`, `status`, `featured`, `views`, `published_at`, `created_at`, `updated_at`) VALUES ('15', 'Thiết Kế Vườn Tường Đứng Đẹp Mắt', 'thiet-ke-vuon-tuong-dung-dep-mat', '<p>Vườn tường đứng (vertical garden) là xu hướng thiết kế cảnh quan hiện đại, giúp tối ưu không gian xanh trong môi trường đô thị chật hẹp.</p><h3>Các loại vườn tường:</h3><ul><li>Hệ thống module</li><li>Vườn treo túi vải</li><li>Hệ thống thủy canh</li><li>Tường rêu</li></ul><p>Vườn tường không chỉ làm đẹp không gian mà còn cải thiện chất lượng không khí, giảm nhiệt độ và tạo cảm giác thư giãn.</p>', 'Hướng dẫn thiết kế và chăm sóc vườn tường đứng cho nhà phố', 'https://images.unsplash.com/photo-1466692476868-aef1dfb1e735?w=800&h=450&fit=crop', 'Admin', 'Cảnh quan', 'published', '0', '0', '2025-09-26 06:50:37', '2025-10-25 13:50:37', '2025-10-25 13:50:37');
INSERT INTO `posts` (`id`, `title`, `slug`, `content`, `excerpt`, `featured_image`, `author`, `category`, `status`, `featured`, `views`, `published_at`, `created_at`, `updated_at`) VALUES ('16', 'Sân Vườn Nhật Bản - Nghệ Thuật Zen', 'san-vuon-nhat-ban-nghe-thuat-zen', '<p>Sân vườn Nhật Bản mang đến sự thanh tịnh và hài hòa với triết lý Zen. Mỗi yếu tố trong vườn đều có ý nghĩa riêng và được bố trí công phu.</p><h3>Yếu tố cơ bản:</h3><ol><li>Đá - Biểu tượng núi, đảo</li><li>Nước - Dòng chảy cuộc sống</li><li>Cây cảnh - Sự sống và phát triển</li><li>Cầu - Kết nối hai thế giới</li><li>Đèn đá - Ánh sáng dẫn đường</li></ol>', 'Khám phá nghệ thuật thiết kế sân vườn Nhật Bản truyền thống', 'https://images.unsplash.com/photo-1519501025264-65ba15a82390?w=800&h=450&fit=crop', 'Admin', 'Cảnh quan', 'published', '1', '0', '2025-10-07 06:50:37', '2025-10-25 13:50:37', '2025-10-25 13:50:37');
INSERT INTO `posts` (`id`, `title`, `slug`, `content`, `excerpt`, `featured_image`, `author`, `category`, `status`, `featured`, `views`, `published_at`, `created_at`, `updated_at`) VALUES ('17', 'Hệ Thống Tưới Tự Động Cho Vườn', 'he-thong-tuoi-tu-dong-cho-vuon', '<p>Hệ thống tưới tự động giúp tiết kiệm thời gian và nước, đồng thời đảm bảo cây cối được tưới đều đặn và đúng liều lượng.</p><h3>Các loại hệ thống tưới:</h3><ul><li>Tưới nhỏ giọt - Tiết kiệm nước nhất</li><li>Tưới phun mưa - Cho diện tích lớn</li><li>Tưới ngầm - Tưới trực tiếp vào rễ</li><li>Tưới thông minh - Điều khiển bằng smartphone</li></ul>', 'Hướng dẫn lựa chọn và lắp đặt hệ thống tưới tự động', 'https://images.unsplash.com/photo-1563218607972-077deeb83fdb?w=800&h=450&fit=crop', 'Admin', 'Cảnh quan', 'published', '0', '0', '2025-10-17 06:50:37', '2025-10-25 13:50:37', '2025-10-25 13:50:37');
INSERT INTO `posts` (`id`, `title`, `slug`, `content`, `excerpt`, `featured_image`, `author`, `category`, `status`, `featured`, `views`, `published_at`, `created_at`, `updated_at`) VALUES ('18', 'Thép Xây Dựng - Bộ Xương Công Trình', 'thep-xay-dung-bo-xuong-cong-trinh', '<p>Thép là vật liệu then chốt trong kết cấu công trình, đóng vai trò như bộ xương chịu lực. Chất lượng thép quyết định độ an toàn của công trình.</p><h3>Các loại thép phổ biến:</h3><ul><li>Thép tròn trơn - CB240T, CB300T</li><li>Thép gân - D10, D16, D20, D25</li><li>Thép hình - Thép H, thép I, thép V</li><li>Thép tấm - Dùng cho kết cấu thép</li></ul><p>Khi mua thép cần kiểm tra tem nhãn, xuất xứ và yêu cầu chứng nhận chất lượng.</p>', 'Tìm hiểu về các loại thép xây dựng và tiêu chuẩn chất lượng', 'https://images.unsplash.com/photo-1590856029826-c7a73142bbf1?w=800&h=450&fit=crop', 'Admin', 'Vật liệu', 'published', '0', '0', '2025-09-30 06:50:37', '2025-10-25 13:50:37', '2025-10-25 13:50:37');
INSERT INTO `posts` (`id`, `title`, `slug`, `content`, `excerpt`, `featured_image`, `author`, `category`, `status`, `featured`, `views`, `published_at`, `created_at`, `updated_at`) VALUES ('19', 'Gỗ Công Nghiệp - Giải Pháp Nội Thất Hiện Đại', 'go-cong-nghiep-giai-phap-noi-that-hien-dai', '<p>Gỗ công nghiệp đang dần thay thế gỗ tự nhiên trong sản xuất nội thất nhờ giá thành hợp lý và tính bền vững với môi trường.</p><h3>Các loại gỗ công nghiệp:</h3><ol><li>MDF - Mật độ cao, bề mặt phẳng</li><li>MFC - Phủ melamine, chống trầy</li><li>HDF - Siêu cứng, chống ẩm tốt</li><li>Plywood - Gỗ dán nhiều lớp</li><li>Gỗ Acrylic - Bóng đẹp, sang trọng</li></ol>', 'So sánh các loại gỗ công nghiệp và ứng dụng trong nội thất', 'https://images.unsplash.com/photo-1615529182904-14819c35db37?w=800&h=450&fit=crop', 'Admin', 'Vật liệu', 'published', '0', '0', '2025-10-24 06:50:37', '2025-10-25 13:50:37', '2025-10-25 13:50:37');
INSERT INTO `posts` (`id`, `title`, `slug`, `content`, `excerpt`, `featured_image`, `author`, `category`, `status`, `featured`, `views`, `published_at`, `created_at`, `updated_at`) VALUES ('20', 'An Toàn Lao Động Trong Xây Dựng', 'an-toan-lao-dong-trong-xay-dung', '<p>An toàn lao động là ưu tiên hàng đầu trong mọi công trình xây dựng. Tuân thủ các quy định an toàn giúp giảm thiểu tai nạn và bảo vệ tính mạng công nhân.</p><h3>Trang bị bảo hộ cần thiết:</h3><ul><li>Mũ bảo hiểm - Bảo vệ đầu</li><li>Giày bảo hộ - Chống đâm thủng</li><li>Găng tay - Bảo vệ tay</li><li>Kính bảo hộ - Bảo vệ mắt</li><li>Dây an toàn - Làm việc trên cao</li><li>Áo phản quang - Dễ nhận diện</li></ul><p>Mỗi công nhân cần được đào tạo đầy đủ về an toàn trước khi vào công trường.</p>', 'Hướng dẫn đầy đủ về an toàn lao động trong xây dựng', 'https://images.unsplash.com/photo-1621905251918-48416bd8575a?w=800&h=450&fit=crop', 'Admin', 'Tin tức', 'published', '1', '0', '2025-10-24 06:50:37', '2025-10-25 13:50:37', '2025-10-25 13:50:37');


-- Table structure for table `product_categories`
DROP TABLE IF EXISTS `product_categories`;
CREATE TABLE `product_categories` (
  `id` int(11) NOT NULL AUTO_INCREMENT,
  `name` varchar(255) NOT NULL,
  `slug` varchar(255) DEFAULT NULL,
  `parent_id` int(11) DEFAULT NULL,
  `description` text DEFAULT NULL,
  `icon` varchar(100) DEFAULT NULL,
  `color` varchar(20) DEFAULT NULL,
  `order_index` int(11) DEFAULT 0,
  `status` tinyint(1) DEFAULT 1,
  `created_at` timestamp NOT NULL DEFAULT current_timestamp(),
  PRIMARY KEY (`id`),
  KEY `idx_parent` (`parent_id`),
  KEY `idx_slug` (`slug`)
) ENGINE=InnoDB AUTO_INCREMENT=15 DEFAULT CHARSET=utf8mb4 COLLATE=utf8mb4_unicode_ci;

-- Dumping data for table `product_categories`
INSERT INTO `product_categories` (`id`, `name`, `slug`, `parent_id`, `description`, `icon`, `color`, `order_index`, `status`, `created_at`) VALUES ('1', 'Vật liệu', 'vat-lieu', NULL, NULL, 'fas fa-hammer', '#e74c3c', '1', '1', '2025-10-21 16:28:14');
INSERT INTO `product_categories` (`id`, `name`, `slug`, `parent_id`, `description`, `icon`, `color`, `order_index`, `status`, `created_at`) VALUES ('2', 'Thiết bị', 'thiet-bi', NULL, NULL, 'fas fa-cogs', '#3498db', '2', '1', '2025-10-21 16:28:14');
INSERT INTO `product_categories` (`id`, `name`, `slug`, `parent_id`, `description`, `icon`, `color`, `order_index`, `status`, `created_at`) VALUES ('3', 'Công nghệ', 'cong-nghe', NULL, NULL, 'fas fa-microchip', '#9b59b6', '3', '1', '2025-10-21 16:28:14');
INSERT INTO `product_categories` (`id`, `name`, `slug`, `parent_id`, `description`, `icon`, `color`, `order_index`, `status`, `created_at`) VALUES ('4', 'Cảnh quan', 'canh-quan', NULL, NULL, 'fas fa-tree', '#27ae60', '4', '1', '2025-10-21 16:28:14');
INSERT INTO `product_categories` (`id`, `name`, `slug`, `parent_id`, `description`, `icon`, `color`, `order_index`, `status`, `created_at`) VALUES ('5', 'Sơn', 'son', '1', NULL, 'fas fa-paint-brush', '#e67e22', '0', '1', '2025-10-21 16:28:14');
INSERT INTO `product_categories` (`id`, `name`, `slug`, `parent_id`, `description`, `icon`, `color`, `order_index`, `status`, `created_at`) VALUES ('6', 'Gạch', 'gach', '1', NULL, 'fas fa-th-large', '#d35400', '0', '1', '2025-10-21 16:28:14');
INSERT INTO `product_categories` (`id`, `name`, `slug`, `parent_id`, `description`, `icon`, `color`, `order_index`, `status`, `created_at`) VALUES ('7', 'Ngói', 'ngoi', '1', NULL, 'fas fa-home', '#8e44ad', '0', '1', '2025-10-21 16:28:14');
INSERT INTO `product_categories` (`id`, `name`, `slug`, `parent_id`, `description`, `icon`, `color`, `order_index`, `status`, `created_at`) VALUES ('8', 'Kính', 'kinh', '1', NULL, 'far fa-square', '#3498db', '0', '1', '2025-10-21 16:28:14');
INSERT INTO `product_categories` (`id`, `name`, `slug`, `parent_id`, `description`, `icon`, `color`, `order_index`, `status`, `created_at`) VALUES ('9', 'Sàn gỗ', 'san-go', '1', NULL, 'fas fa-grip-lines', '#795548', '0', '1', '2025-10-21 16:28:14');
INSERT INTO `product_categories` (`id`, `name`, `slug`, `parent_id`, `description`, `icon`, `color`, `order_index`, `status`, `created_at`) VALUES ('10', 'Xi măng', 'xi-mang', '1', NULL, 'fas fa-cube', '#607d8b', '0', '1', '2025-10-21 16:28:14');
INSERT INTO `product_categories` (`id`, `name`, `slug`, `parent_id`, `description`, `icon`, `color`, `order_index`, `status`, `created_at`) VALUES ('11', 'Nội thất', 'noi-that', '2', NULL, 'fas fa-couch', '#e91e63', '0', '1', '2025-10-21 16:28:14');
INSERT INTO `product_categories` (`id`, `name`, `slug`, `parent_id`, `description`, `icon`, `color`, `order_index`, `status`, `created_at`) VALUES ('12', 'Thiết bị vệ sinh', 'thiet-bi-ve-sinh', '2', NULL, 'fas fa-shower', '#00bcd4', '0', '1', '2025-10-21 16:28:14');
INSERT INTO `product_categories` (`id`, `name`, `slug`, `parent_id`, `description`, `icon`, `color`, `order_index`, `status`, `created_at`) VALUES ('13', 'Thiết bị điện', 'thiet-bi-dien', '2', NULL, 'fas fa-plug', '#ffc107', '0', '1', '2025-10-21 16:28:14');
INSERT INTO `product_categories` (`id`, `name`, `slug`, `parent_id`, `description`, `icon`, `color`, `order_index`, `status`, `created_at`) VALUES ('14', 'Máy móc xây dựng', 'may-moc-xay-dung', '2', NULL, 'fas fa-truck', '#ff5722', '0', '1', '2025-10-21 16:28:14');


-- Table structure for table `products`
DROP TABLE IF EXISTS `products`;
CREATE TABLE `products` (
  `id` int(11) NOT NULL AUTO_INCREMENT,
  `name` varchar(255) DEFAULT NULL,
  `slug` varchar(255) DEFAULT NULL,
  `description` text DEFAULT NULL,
  `price` decimal(10,2) DEFAULT NULL,
  `status` tinyint(1) DEFAULT 1,
  `featured` tinyint(1) DEFAULT 0,
  `images` text DEFAULT NULL,
  `supplier_id` int(11) DEFAULT NULL,
  `manufacturer` varchar(255) DEFAULT NULL,
  `origin` varchar(255) DEFAULT NULL,
  `material_type` varchar(255) DEFAULT NULL,
  `application` text DEFAULT NULL,
  `website` varchar(255) DEFAULT NULL,
  `featured_image` varchar(255) DEFAULT NULL,
  `product_function` text DEFAULT NULL,
  `category` varchar(100) DEFAULT NULL,
  `thickness` varchar(100) DEFAULT NULL,
  `color` varchar(100) DEFAULT NULL,
  `warranty` varchar(255) DEFAULT NULL,
  `stock` int(11) DEFAULT NULL,
  `brand` varchar(255) DEFAULT NULL,
  `classification` varchar(255) DEFAULT NULL,
  `category_id` int(11) DEFAULT NULL,
  `created_at` timestamp NOT NULL DEFAULT current_timestamp(),
  PRIMARY KEY (`id`),
  KEY `supplier_id` (`supplier_id`),
  KEY `idx_category_id` (`category_id`),
  CONSTRAINT `products_ibfk_1` FOREIGN KEY (`supplier_id`) REFERENCES `suppliers` (`id`) ON DELETE SET NULL
) ENGINE=InnoDB AUTO_INCREMENT=63 DEFAULT CHARSET=utf8mb4 COLLATE=utf8mb4_unicode_ci;

-- Dumping data for table `products`
INSERT INTO `products` (`id`, `name`, `slug`, `description`, `price`, `status`, `featured`, `images`, `supplier_id`, `manufacturer`, `origin`, `material_type`, `application`, `website`, `featured_image`, `product_function`, `category`, `thickness`, `color`, `warranty`, `stock`, `brand`, `classification`, `category_id`, `created_at`) VALUES ('1', 'Sàn gỗ công nghiệp HDF - Vân sồi Âu 12mm', 'san-go-cong-nghiep-kaindl', 'Sàn gỗ công nghiệp Kaindl từ Áo với chất lượng vượt trội, độ bền cao và thiết kế hiện đại. Phù hợp cho mọi không gian từ gia đình đến văn phòng.', '750000.00', '1', '1', NULL, '1', 'Kaindl Austria', 'Áo', 'HDF + lớp decor', 'Gia đình, văn phòng, khách sạn', NULL, 'https://images.unsplash.com/photo-1558618666-fcd25c85cd64?w=400', NULL, 'vật liệu', '8mm-12mm', 'Nhiều màu sắc', '25 năm', '500', 'Kaindl', 'Vật liệu', '7', '2025-10-21 11:21:07');
INSERT INTO `products` (`id`, `name`, `slug`, `description`, `price`, `status`, `featured`, `images`, `supplier_id`, `manufacturer`, `origin`, `material_type`, `application`, `website`, `featured_image`, `product_function`, `category`, `thickness`, `color`, `warranty`, `stock`, `brand`, `classification`, `category_id`, `created_at`) VALUES ('2', 'Gạch granite 60x60 Đồng Tâm - Vân đá tự nhiên', 'gach-ceramic-viglacera', 'Gạch ceramic Viglacera chất lượng cao, được sản xuất tại Việt Nam với công nghệ hiện đại. Đa dạng về mẫu mã và kích thước.', '450000.00', '1', '0', '', '2', 'Viglacera', 'Việt Nam', 'Ceramic', 'Ốp lát nền, tường', '', 'https://images.unsplash.com/photo-1503387762-592deb58ef4e?w=400', '', 'vật liệu', '8mm-10mm', 'Đa dạng', '10 năm', '1000', 'Viglacera', 'Vật liệu', '6', '2025-10-21 11:21:07');
INSERT INTO `products` (`id`, `name`, `slug`, `description`, `price`, `status`, `featured`, `images`, `supplier_id`, `manufacturer`, `origin`, `material_type`, `application`, `website`, `featured_image`, `product_function`, `category`, `thickness`, `color`, `warranty`, `stock`, `brand`, `classification`, `category_id`, `created_at`) VALUES ('3', 'Tủ bếp Acrylic cao cấp - Màu trắng bóng', 'ban-lam-viec-hien-dai', 'Bàn làm việc thiết kế hiện đại với chất liệu gỗ MDF phủ melamine, chống xước và chống nước. Phù hợp cho văn phòng và nhà ở.', '2500000.00', '1', '1', '', '3', 'Modern Home', 'Việt Nam', 'MDF phủ melamine', 'Văn phòng, nhà ở', '', 'https://images.unsplash.com/photo-1555041469-a586c61ea9bc?w=400', '', 'vật liệu', '25mm', 'Trắng, Nâu, Xám', '2 năm', '50', 'Modern Home', 'Vật liệu', '11', '2025-10-21 11:21:07');
INSERT INTO `products` (`id`, `name`, `slug`, `description`, `price`, `status`, `featured`, `images`, `supplier_id`, `manufacturer`, `origin`, `material_type`, `application`, `website`, `featured_image`, `product_function`, `category`, `thickness`, `color`, `warranty`, `stock`, `brand`, `classification`, `category_id`, `created_at`) VALUES ('4', 'Xi măng Hoàng Thạch PCB40', 'xi-mng-hong-thch-pcb40', 'Sản phẩm chất lượng cao, đáp ứng tiêu chuẩn quốc gia', '105000.00', '1', '1', NULL, '4', 'CÔNG TY CỔ PHẦN XI MĂNG HOÀNG THẠCH', NULL, NULL, NULL, NULL, 'https://images.unsplash.com/photo-1578662996442-48f60103fc96?w=400', NULL, 'cảnh quan', NULL, NULL, NULL, NULL, 'CÔNG TY CỔ PHẦN XI MĂNG HOÀNG THẠCH', NULL, '10', '2025-10-21 16:46:06');
INSERT INTO `products` (`id`, `name`, `slug`, `description`, `price`, `status`, `featured`, `images`, `supplier_id`, `manufacturer`, `origin`, `material_type`, `application`, `website`, `featured_image`, `product_function`, `category`, `thickness`, `color`, `warranty`, `stock`, `brand`, `classification`, `category_id`, `created_at`) VALUES ('5', 'Xi măng Portland PCB30', 'xi-mng-portland-pcb30', 'Sản phẩm chất lượng cao, đáp ứng tiêu chuẩn quốc gia', '98000.00', '1', '1', NULL, '4', 'CÔNG TY CỔ PHẦN XI MĂNG HOÀNG THẠCH', NULL, NULL, NULL, NULL, 'https://images.unsplash.com/photo-1578662996442-48f60103fc96?w=400', NULL, 'vật liệu', NULL, NULL, NULL, NULL, 'CÔNG TY CỔ PHẦN XI MĂNG HOÀNG THẠCH', NULL, '10', '2025-10-21 16:46:06');
INSERT INTO `products` (`id`, `name`, `slug`, `description`, `price`, `status`, `featured`, `images`, `supplier_id`, `manufacturer`, `origin`, `material_type`, `application`, `website`, `featured_image`, `product_function`, `category`, `thickness`, `color`, `warranty`, `stock`, `brand`, `classification`, `category_id`, `created_at`) VALUES ('6', 'Thép CB240-T Pomina Φ10', 'thp-cb240-t-pomina-phi10', 'Sản phẩm chất lượng cao, đáp ứng tiêu chuẩn quốc gia', '17500.00', '1', '1', NULL, '5', 'CÔNG TY TNHH THÉP POMINA', NULL, NULL, NULL, NULL, 'https://images.unsplash.com/photo-1565793298595-6a879b1d9492?w=400', NULL, 'vật liệu', NULL, NULL, NULL, NULL, 'CÔNG TY TNHH THÉP POMINA', NULL, '1', '2025-10-21 16:46:06');
INSERT INTO `products` (`id`, `name`, `slug`, `description`, `price`, `status`, `featured`, `images`, `supplier_id`, `manufacturer`, `origin`, `material_type`, `application`, `website`, `featured_image`, `product_function`, `category`, `thickness`, `color`, `warranty`, `stock`, `brand`, `classification`, `category_id`, `created_at`) VALUES ('7', 'Thép CB300-V Pomina Φ12', 'thp-cb300-v-pomina-phi12', 'Sản phẩm chất lượng cao, đáp ứng tiêu chuẩn quốc gia', '18200.00', '1', '1', NULL, '5', 'CÔNG TY TNHH THÉP POMINA', NULL, NULL, NULL, NULL, 'https://images.unsplash.com/photo-1596394516093-501ba68a0ba6?w=400', NULL, 'vật liệu', NULL, NULL, NULL, NULL, 'CÔNG TY TNHH THÉP POMINA', NULL, '1', '2025-10-21 16:46:06');
INSERT INTO `products` (`id`, `name`, `slug`, `description`, `price`, `status`, `featured`, `images`, `supplier_id`, `manufacturer`, `origin`, `material_type`, `application`, `website`, `featured_image`, `product_function`, `category`, `thickness`, `color`, `warranty`, `stock`, `brand`, `classification`, `category_id`, `created_at`) VALUES ('8', 'Thép CB400-V Pomina Φ16', 'thp-cb400-v-pomina-phi16', 'Sản phẩm chất lượng cao, đáp ứng tiêu chuẩn quốc gia', '19800.00', '1', '1', NULL, '5', 'CÔNG TY TNHH THÉP POMINA', NULL, NULL, NULL, NULL, 'https://images.unsplash.com/photo-1596394516093-501ba68a0ba6?w=400', NULL, 'vật liệu', NULL, NULL, NULL, NULL, 'CÔNG TY TNHH THÉP POMINA', NULL, '1', '2025-10-21 16:46:06');
INSERT INTO `products` (`id`, `name`, `slug`, `description`, `price`, `status`, `featured`, `images`, `supplier_id`, `manufacturer`, `origin`, `material_type`, `application`, `website`, `featured_image`, `product_function`, `category`, `thickness`, `color`, `warranty`, `stock`, `brand`, `classification`, `category_id`, `created_at`) VALUES ('9', 'Gạch granite 60x60 Đồng Tâm 6060MOMENT001', 'gch-granite-60x60-ng-tm-6060moment001', 'Sản phẩm chất lượng cao, đáp ứng tiêu chuẩn quốc gia', '185000.00', '1', '1', NULL, '6', 'CÔNG TY CỔ PHẦN GẠCH ỐP LÁT ĐỒNG TÂM', NULL, NULL, NULL, NULL, 'https://images.unsplash.com/photo-1502672260266-1c1ef2d93688?w=400', NULL, 'vật liệu', NULL, NULL, NULL, NULL, 'CÔNG TY CỔ PHẦN GẠCH ỐP LÁT ĐỒNG TÂM', NULL, '6', '2025-10-21 16:46:06');
INSERT INTO `products` (`id`, `name`, `slug`, `description`, `price`, `status`, `featured`, `images`, `supplier_id`, `manufacturer`, `origin`, `material_type`, `application`, `website`, `featured_image`, `product_function`, `category`, `thickness`, `color`, `warranty`, `stock`, `brand`, `classification`, `category_id`, `created_at`) VALUES ('10', 'Gạch ốp tường 30x60 Đồng Tâm 3060STYLE005', 'gch-p-tng-30x60-ng-tm-3060style005', 'Sản phẩm chất lượng cao, đáp ứng tiêu chuẩn quốc gia', '125000.00', '1', '1', NULL, '6', 'CÔNG TY CỔ PHẦN GẠCH ỐP LÁT ĐỒNG TÂM', NULL, NULL, NULL, NULL, 'https://images.unsplash.com/photo-1502672260266-1c1ef2d93688?w=400', NULL, 'vật liệu', NULL, NULL, NULL, NULL, 'CÔNG TY CỔ PHẦN GẠCH ỐP LÁT ĐỒNG TÂM', NULL, '6', '2025-10-21 16:46:06');
INSERT INTO `products` (`id`, `name`, `slug`, `description`, `price`, `status`, `featured`, `images`, `supplier_id`, `manufacturer`, `origin`, `material_type`, `application`, `website`, `featured_image`, `product_function`, `category`, `thickness`, `color`, `warranty`, `stock`, `brand`, `classification`, `category_id`, `created_at`) VALUES ('11', 'Gạch lát nền 80x80 Đồng Tâm 8080LUXURY002', 'gch-lt-nn-80x80-ng-tm-8080luxury002', 'Sản phẩm chất lượng cao, đáp ứng tiêu chuẩn quốc gia', '285000.00', '1', '1', NULL, '6', 'CÔNG TY CỔ PHẦN GẠCH ỐP LÁT ĐỒNG TÂM', NULL, NULL, NULL, NULL, 'https://images.unsplash.com/photo-1586023492125-27b2c045efd7?w=400', NULL, 'vật liệu', NULL, NULL, NULL, NULL, 'CÔNG TY CỔ PHẦN GẠCH ỐP LÁT ĐỒNG TÂM', NULL, '6', '2025-10-21 16:46:06');
INSERT INTO `products` (`id`, `name`, `slug`, `description`, `price`, `status`, `featured`, `images`, `supplier_id`, `manufacturer`, `origin`, `material_type`, `application`, `website`, `featured_image`, `product_function`, `category`, `thickness`, `color`, `warranty`, `stock`, `brand`, `classification`, `category_id`, `created_at`) VALUES ('12', 'Gạch mosaic thủy tinh Đồng Tâm MS001', 'gch-mosaic-thy-tinh-ng-tm-ms001', 'Sản phẩm chất lượng cao, đáp ứng tiêu chuẩn quốc gia', '450000.00', '1', '1', NULL, '6', 'CÔNG TY CỔ PHẦN GẠCH ỐP LÁT ĐỒNG TÂM', NULL, NULL, NULL, NULL, 'https://images.unsplash.com/photo-1586023492125-27b2c045efd7?w=400', NULL, 'vật liệu', NULL, NULL, NULL, NULL, 'CÔNG TY CỔ PHẦN GẠCH ỐP LÁT ĐỒNG TÂM', NULL, '6', '2025-10-21 16:46:06');
INSERT INTO `products` (`id`, `name`, `slug`, `description`, `price`, `status`, `featured`, `images`, `supplier_id`, `manufacturer`, `origin`, `material_type`, `application`, `website`, `featured_image`, `product_function`, `category`, `thickness`, `color`, `warranty`, `stock`, `brand`, `classification`, `category_id`, `created_at`) VALUES ('13', 'Sơn nước nội thất Hà Nội SPEC 18L', 'sn-nc-ni-tht-h-ni-spec-18l', 'Sản phẩm chất lượng cao, đáp ứng tiêu chuẩn quốc gia', '875000.00', '1', '1', NULL, '7', 'CÔNG TY CỔ PHẦN SƠN HÀ NỘI', NULL, NULL, NULL, NULL, 'https://images.unsplash.com/photo-1589939705384-5185137a7f0f?w=400', NULL, 'vật liệu', NULL, NULL, NULL, NULL, 'CÔNG TY CỔ PHẦN SƠN HÀ NỘI', NULL, '5', '2025-10-21 16:46:06');
INSERT INTO `products` (`id`, `name`, `slug`, `description`, `price`, `status`, `featured`, `images`, `supplier_id`, `manufacturer`, `origin`, `material_type`, `application`, `website`, `featured_image`, `product_function`, `category`, `thickness`, `color`, `warranty`, `stock`, `brand`, `classification`, `category_id`, `created_at`) VALUES ('14', 'Sơn dầu ngoại thất Hà Nội CLASSIC 18L', 'sn-du-ngoi-tht-h-ni-classic-18l', 'Sản phẩm chất lượng cao, đáp ứng tiêu chuẩn quốc gia', '920000.00', '1', '0', NULL, '7', 'CÔNG TY CỔ PHẦN SƠN HÀ NỘI', NULL, NULL, NULL, NULL, 'https://images.unsplash.com/photo-1589939705384-5185137a7f0f?w=400', NULL, 'vật liệu', NULL, NULL, NULL, NULL, 'CÔNG TY CỔ PHẦN SƠN HÀ NỘI', NULL, '5', '2025-10-21 16:46:06');
INSERT INTO `products` (`id`, `name`, `slug`, `description`, `price`, `status`, `featured`, `images`, `supplier_id`, `manufacturer`, `origin`, `material_type`, `application`, `website`, `featured_image`, `product_function`, `category`, `thickness`, `color`, `warranty`, `stock`, `brand`, `classification`, `category_id`, `created_at`) VALUES ('15', 'Sơn chống thấm Hà Nội WATERPROOF 20kg', 'sn-chng-thm-h-ni-waterproof-20kg', 'Sản phẩm chất lượng cao, đáp ứng tiêu chuẩn quốc gia', '1250000.00', '1', '0', NULL, '7', 'CÔNG TY CỔ PHẦN SƠN HÀ NỘI', NULL, NULL, NULL, NULL, 'https://images.unsplash.com/photo-1581833971358-2c8b550f87b3?w=400', NULL, 'vật liệu', NULL, NULL, NULL, NULL, 'CÔNG TY CỔ PHẦN SƠN HÀ NỘI', NULL, '5', '2025-10-21 16:46:06');
INSERT INTO `products` (`id`, `name`, `slug`, `description`, `price`, `status`, `featured`, `images`, `supplier_id`, `manufacturer`, `origin`, `material_type`, `application`, `website`, `featured_image`, `product_function`, `category`, `thickness`, `color`, `warranty`, `stock`, `brand`, `classification`, `category_id`, `created_at`) VALUES ('16', 'Sơn lót kháng kiềm Hà Nội PRIMER 18L', 'sn-lt-khng-kim-h-ni-primer-18l', 'Sản phẩm chất lượng cao, đáp ứng tiêu chuẩn quốc gia', '680000.00', '1', '0', NULL, '7', 'CÔNG TY CỔ PHẦN SƠN HÀ NỘI', NULL, NULL, NULL, NULL, 'https://images.unsplash.com/photo-1562259949-e8e7689d7828?w=400', NULL, 'vật liệu', NULL, NULL, NULL, NULL, 'CÔNG TY CỔ PHẦN SƠN HÀ NỘI', NULL, '5', '2025-10-21 16:46:06');
INSERT INTO `products` (`id`, `name`, `slug`, `description`, `price`, `status`, `featured`, `images`, `supplier_id`, `manufacturer`, `origin`, `material_type`, `application`, `website`, `featured_image`, `product_function`, `category`, `thickness`, `color`, `warranty`, `stock`, `brand`, `classification`, `category_id`, `created_at`) VALUES ('17', 'Kính cường lực 8mm Việt Nhật', 'knh-cng-lc-8mm-vit-nht', 'Sản phẩm chất lượng cao, đáp ứng tiêu chuẩn quốc gia', '380000.00', '1', '0', NULL, '8', 'CÔNG TY TNHH KÍNH VIỆT NHẬT', NULL, NULL, NULL, NULL, 'https://images.unsplash.com/photo-1497366811353-6870744d04b2?w=400', NULL, 'vật liệu', NULL, NULL, NULL, NULL, 'CÔNG TY TNHH KÍNH VIỆT NHẬT', NULL, '7', '2025-10-21 16:46:06');
INSERT INTO `products` (`id`, `name`, `slug`, `description`, `price`, `status`, `featured`, `images`, `supplier_id`, `manufacturer`, `origin`, `material_type`, `application`, `website`, `featured_image`, `product_function`, `category`, `thickness`, `color`, `warranty`, `stock`, `brand`, `classification`, `category_id`, `created_at`) VALUES ('18', 'Kính phản quang 6mm Việt Nhật', 'knh-phn-quang-6mm-vit-nht', 'Sản phẩm chất lượng cao, đáp ứng tiêu chuẩn quốc gia', '320000.00', '1', '0', NULL, '8', 'CÔNG TY TNHH KÍNH VIỆT NHẬT', NULL, NULL, NULL, NULL, 'https://images.unsplash.com/photo-1497366754035-f200968a6e72?w=400', NULL, 'vật liệu', NULL, NULL, NULL, NULL, 'CÔNG TY TNHH KÍNH VIỆT NHẬT', NULL, '7', '2025-10-21 16:46:06');
INSERT INTO `products` (`id`, `name`, `slug`, `description`, `price`, `status`, `featured`, `images`, `supplier_id`, `manufacturer`, `origin`, `material_type`, `application`, `website`, `featured_image`, `product_function`, `category`, `thickness`, `color`, `warranty`, `stock`, `brand`, `classification`, `category_id`, `created_at`) VALUES ('19', 'Kính Low-E tiết kiệm năng lượng 10mm', 'knh-low-e-tit-kim-nng-lng-10mm', 'Sản phẩm chất lượng cao, đáp ứng tiêu chuẩn quốc gia', '580000.00', '1', '0', NULL, '8', 'CÔNG TY TNHH KÍNH VIỆT NHẬT', NULL, NULL, NULL, NULL, 'https://images.unsplash.com/photo-1545558014-8692077e9b5c?w=400', NULL, 'vật liệu', NULL, NULL, NULL, NULL, 'CÔNG TY TNHH KÍNH VIỆT NHẬT', NULL, '7', '2025-10-21 16:46:06');
INSERT INTO `products` (`id`, `name`, `slug`, `description`, `price`, `status`, `featured`, `images`, `supplier_id`, `manufacturer`, `origin`, `material_type`, `application`, `website`, `featured_image`, `product_function`, `category`, `thickness`, `color`, `warranty`, `stock`, `brand`, `classification`, `category_id`, `created_at`) VALUES ('20', 'Tủ bếp Acrylic cao cấp HG-TB001', 't-bp-acrylic-cao-cp-hg-tb001', 'Sản phẩm chất lượng cao, đáp ứng tiêu chuẩn quốc gia', '35000000.00', '1', '0', NULL, '9', 'CÔNG TY TNHH NỘI THẤT HOÀNG GIA', NULL, NULL, NULL, NULL, 'https://images.unsplash.com/photo-1555041469-a586c61ea9bc?w=400', NULL, 'vật liệu', NULL, NULL, NULL, NULL, 'CÔNG TY TNHH NỘI THẤT HOÀNG GIA', NULL, '11', '2025-10-21 16:46:06');
INSERT INTO `products` (`id`, `name`, `slug`, `description`, `price`, `status`, `featured`, `images`, `supplier_id`, `manufacturer`, `origin`, `material_type`, `application`, `website`, `featured_image`, `product_function`, `category`, `thickness`, `color`, `warranty`, `stock`, `brand`, `classification`, `category_id`, `created_at`) VALUES ('21', 'Tủ quần áo 4 cánh HG-TQA002', 't-qun-o-4-cnh-hg-tqa002', 'Sản phẩm chất lượng cao, đáp ứng tiêu chuẩn quốc gia', '12500000.00', '1', '0', NULL, '9', 'CÔNG TY TNHH NỘI THẤT HOÀNG GIA', NULL, NULL, NULL, NULL, 'https://images.unsplash.com/photo-1549497538-303791108f95?w=400', NULL, 'vật liệu', NULL, NULL, NULL, NULL, 'CÔNG TY TNHH NỘI THẤT HOÀNG GIA', NULL, '11', '2025-10-21 16:46:06');
INSERT INTO `products` (`id`, `name`, `slug`, `description`, `price`, `status`, `featured`, `images`, `supplier_id`, `manufacturer`, `origin`, `material_type`, `application`, `website`, `featured_image`, `product_function`, `category`, `thickness`, `color`, `warranty`, `stock`, `brand`, `classification`, `category_id`, `created_at`) VALUES ('22', 'Bàn ăn gỗ sồi HG-BA003', 'bn-n-g-si-hg-ba003', 'Sản phẩm chất lượng cao, đáp ứng tiêu chuẩn quốc gia', '8900000.00', '1', '0', NULL, '9', 'CÔNG TY TNHH NỘI THẤT HOÀNG GIA', NULL, NULL, NULL, NULL, 'https://images.unsplash.com/photo-1586023492125-27b2c045efd7?w=400', NULL, 'vật liệu', NULL, NULL, NULL, NULL, 'CÔNG TY TNHH NỘI THẤT HOÀNG GIA', NULL, '11', '2025-10-21 16:46:06');
INSERT INTO `products` (`id`, `name`, `slug`, `description`, `price`, `status`, `featured`, `images`, `supplier_id`, `manufacturer`, `origin`, `material_type`, `application`, `website`, `featured_image`, `product_function`, `category`, `thickness`, `color`, `warranty`, `stock`, `brand`, `classification`, `category_id`, `created_at`) VALUES ('23', 'Sofa góc da thật HG-SF004', 'sofa-gc-da-tht-hg-sf004', 'Sản phẩm chất lượng cao, đáp ứng tiêu chuẩn quốc gia', '18500000.00', '1', '0', NULL, '9', 'CÔNG TY TNHH NỘI THẤT HOÀNG GIA', NULL, NULL, NULL, NULL, 'https://images.unsplash.com/photo-1555041469-a586c61ea9bc?w=400', NULL, 'vật liệu', NULL, NULL, NULL, NULL, 'CÔNG TY TNHH NỘI THẤT HOÀNG GIA', NULL, '11', '2025-10-21 16:46:06');
INSERT INTO `products` (`id`, `name`, `slug`, `description`, `price`, `status`, `featured`, `images`, `supplier_id`, `manufacturer`, `origin`, `material_type`, `application`, `website`, `featured_image`, `product_function`, `category`, `thickness`, `color`, `warranty`, `stock`, `brand`, `classification`, `category_id`, `created_at`) VALUES ('24', 'Tấm MDF An Cường 17mm', 'tm-mdf-an-cng-17mm', 'Sản phẩm chất lượng cao, đáp ứng tiêu chuẩn quốc gia', '485000.00', '1', '0', NULL, '10', 'CÔNG TY CỔ PHẦN NỘI THẤT AN CƯỜNG', NULL, NULL, NULL, NULL, 'https://images.unsplash.com/photo-1549497538-303791108f95?w=400', NULL, 'vật liệu', NULL, NULL, NULL, NULL, 'CÔNG TY CỔ PHẦN NỘI THẤT AN CƯỜNG', NULL, '11', '2025-10-21 16:46:06');
INSERT INTO `products` (`id`, `name`, `slug`, `description`, `price`, `status`, `featured`, `images`, `supplier_id`, `manufacturer`, `origin`, `material_type`, `application`, `website`, `featured_image`, `product_function`, `category`, `thickness`, `color`, `warranty`, `stock`, `brand`, `classification`, `category_id`, `created_at`) VALUES ('25', 'Tấm HDF An Cường 8mm', 'tm-hdf-an-cng-8mm', 'Sản phẩm chất lượng cao, đáp ứng tiêu chuẩn quốc gia', '285000.00', '1', '0', NULL, '10', 'CÔNG TY CỔ PHẦN NỘI THẤT AN CƯỜNG', NULL, NULL, NULL, NULL, 'https://images.unsplash.com/photo-1549497538-303791108f95?w=400', NULL, 'vật liệu', NULL, NULL, NULL, NULL, 'CÔNG TY CỔ PHẦN NỘI THẤT AN CƯỜNG', NULL, '11', '2025-10-21 16:46:06');
INSERT INTO `products` (`id`, `name`, `slug`, `description`, `price`, `status`, `featured`, `images`, `supplier_id`, `manufacturer`, `origin`, `material_type`, `application`, `website`, `featured_image`, `product_function`, `category`, `thickness`, `color`, `warranty`, `stock`, `brand`, `classification`, `category_id`, `created_at`) VALUES ('26', 'Cửa gỗ công nghiệp An Cường AC-CG001', 'ca-g-cng-nghip-an-cng-ac-cg001', 'Sản phẩm chất lượng cao, đáp ứng tiêu chuẩn quốc gia', '2450000.00', '1', '0', NULL, '10', 'CÔNG TY CỔ PHẦN NỘI THẤT AN CƯỜNG', NULL, NULL, NULL, NULL, 'https://images.unsplash.com/photo-1586023492125-27b2c045efd7?w=400', NULL, 'thiết bị', NULL, NULL, NULL, NULL, 'CÔNG TY CỔ PHẦN NỘI THẤT AN CƯỜNG', NULL, '11', '2025-10-21 16:46:06');
INSERT INTO `products` (`id`, `name`, `slug`, `description`, `price`, `status`, `featured`, `images`, `supplier_id`, `manufacturer`, `origin`, `material_type`, `application`, `website`, `featured_image`, `product_function`, `category`, `thickness`, `color`, `warranty`, `stock`, `brand`, `classification`, `category_id`, `created_at`) VALUES ('27', 'Tủ bếp Acrylic trắng bóng ACR-TB001', 't-bp-acrylic-trng-bng-acr-tb001', 'Sản phẩm chất lượng cao, đáp ứng tiêu chuẩn quốc gia', '28000000.00', '1', '0', NULL, '11', 'CÔNG TY TNHH TỦ BẾP ACRYLIC VIỆT NAM', NULL, NULL, NULL, NULL, 'https://images.unsplash.com/photo-1586023492125-27b2c045efd7?w=400', NULL, 'vật liệu', NULL, NULL, NULL, NULL, 'CÔNG TY TNHH TỦ BẾP ACRYLIC VIỆT NAM', NULL, '11', '2025-10-21 16:46:06');
INSERT INTO `products` (`id`, `name`, `slug`, `description`, `price`, `status`, `featured`, `images`, `supplier_id`, `manufacturer`, `origin`, `material_type`, `application`, `website`, `featured_image`, `product_function`, `category`, `thickness`, `color`, `warranty`, `stock`, `brand`, `classification`, `category_id`, `created_at`) VALUES ('28', 'Tủ bếp Laminate vân gỗ LAM-TB002', 't-bp-laminate-vn-g-lam-tb002', 'Sản phẩm chất lượng cao, đáp ứng tiêu chuẩn quốc gia', '22000000.00', '1', '0', NULL, '11', 'CÔNG TY TNHH TỦ BẾP ACRYLIC VIỆT NAM', NULL, NULL, NULL, NULL, 'https://images.unsplash.com/photo-1555041469-a586c61ea9bc?w=400', NULL, 'vật liệu', NULL, NULL, NULL, NULL, 'CÔNG TY TNHH TỦ BẾP ACRYLIC VIỆT NAM', NULL, '11', '2025-10-21 16:46:06');
INSERT INTO `products` (`id`, `name`, `slug`, `description`, `price`, `status`, `featured`, `images`, `supplier_id`, `manufacturer`, `origin`, `material_type`, `application`, `website`, `featured_image`, `product_function`, `category`, `thickness`, `color`, `warranty`, `stock`, `brand`, `classification`, `category_id`, `created_at`) VALUES ('29', 'Mặt bàn bếp đá Granite tự nhiên', 'mt-bn-bp--granite-t-nhin', 'Sản phẩm chất lượng cao, đáp ứng tiêu chuẩn quốc gia', '3800000.00', '1', '0', NULL, '11', 'CÔNG TY TNHH TỦ BẾP ACRYLIC VIỆT NAM', NULL, NULL, NULL, NULL, 'https://images.unsplash.com/photo-1567538096630-e0c55bd6374c?w=400', NULL, 'vật liệu', NULL, NULL, NULL, NULL, 'CÔNG TY TNHH TỦ BẾP ACRYLIC VIỆT NAM', NULL, '11', '2025-10-21 16:46:06');
INSERT INTO `products` (`id`, `name`, `slug`, `description`, `price`, `status`, `featured`, `images`, `supplier_id`, `manufacturer`, `origin`, `material_type`, `application`, `website`, `featured_image`, `product_function`, `category`, `thickness`, `color`, `warranty`, `stock`, `brand`, `classification`, `category_id`, `created_at`) VALUES ('30', 'Giường ngủ gỗ thông Nitori NI-GN001', 'ging-ng-g-thng-nitori-ni-gn001', 'Sản phẩm chất lượng cao, đáp ứng tiêu chuẩn quốc gia', '4500000.00', '1', '0', NULL, '12', 'CÔNG TY CỔ PHẦN NITORI VIỆT NAM', NULL, NULL, NULL, NULL, 'https://images.unsplash.com/photo-1555041469-a586c61ea9bc?w=400', NULL, 'vật liệu', NULL, NULL, NULL, NULL, 'CÔNG TY CỔ PHẦN NITORI VIỆT NAM', NULL, '11', '2025-10-21 16:46:06');
INSERT INTO `products` (`id`, `name`, `slug`, `description`, `price`, `status`, `featured`, `images`, `supplier_id`, `manufacturer`, `origin`, `material_type`, `application`, `website`, `featured_image`, `product_function`, `category`, `thickness`, `color`, `warranty`, `stock`, `brand`, `classification`, `category_id`, `created_at`) VALUES ('31', 'Tủ đầu giường Nitori NI-TDG002', 't-u-ging-nitori-ni-tdg002', 'Sản phẩm chất lượng cao, đáp ứng tiêu chuẩn quốc gia', '1200000.00', '1', '0', NULL, '12', 'CÔNG TY CỔ PHẦN NITORI VIỆT NAM', NULL, NULL, NULL, NULL, 'https://images.unsplash.com/photo-1555041469-a586c61ea9bc?w=400', NULL, 'vật liệu', NULL, NULL, NULL, NULL, 'CÔNG TY CỔ PHẦN NITORI VIỆT NAM', NULL, '11', '2025-10-21 16:46:06');
INSERT INTO `products` (`id`, `name`, `slug`, `description`, `price`, `status`, `featured`, `images`, `supplier_id`, `manufacturer`, `origin`, `material_type`, `application`, `website`, `featured_image`, `product_function`, `category`, `thickness`, `color`, `warranty`, `stock`, `brand`, `classification`, `category_id`, `created_at`) VALUES ('32', 'Bàn làm việc Nitori NI-BLV003', 'bn-lm-vic-nitori-ni-blv003', 'Sản phẩm chất lượng cao, đáp ứng tiêu chuẩn quốc gia', '2800000.00', '1', '0', NULL, '12', 'CÔNG TY CỔ PHẦN NITORI VIỆT NAM', NULL, NULL, NULL, NULL, 'https://images.unsplash.com/photo-1549497538-303791108f95?w=400', NULL, 'vật liệu', NULL, NULL, NULL, NULL, 'CÔNG TY CỔ PHẦN NITORI VIỆT NAM', NULL, '11', '2025-10-21 16:46:06');
INSERT INTO `products` (`id`, `name`, `slug`, `description`, `price`, `status`, `featured`, `images`, `supplier_id`, `manufacturer`, `origin`, `material_type`, `application`, `website`, `featured_image`, `product_function`, `category`, `thickness`, `color`, `warranty`, `stock`, `brand`, `classification`, `category_id`, `created_at`) VALUES ('33', 'Cây cảnh Bonsai Tùng La Hán', 'cy-cnh-bonsai-tng-la-hn', 'Sản phẩm chất lượng cao, đáp ứng tiêu chuẩn quốc gia', '850000.00', '1', '0', NULL, '13', 'CÔNG TY TNHH CẢNH QUAN XANH VIỆT', NULL, NULL, NULL, NULL, 'https://images.unsplash.com/photo-1501594907352-04cda38ebc29?w=400', NULL, 'cảnh quan', NULL, NULL, NULL, NULL, 'CÔNG TY TNHH CẢNH QUAN XANH VIỆT', NULL, '4', '2025-10-21 16:46:06');
INSERT INTO `products` (`id`, `name`, `slug`, `description`, `price`, `status`, `featured`, `images`, `supplier_id`, `manufacturer`, `origin`, `material_type`, `application`, `website`, `featured_image`, `product_function`, `category`, `thickness`, `color`, `warranty`, `stock`, `brand`, `classification`, `category_id`, `created_at`) VALUES ('34', 'Hệ thống tưới phun mưa tự động', 'h-thng-ti-phun-ma-t-ng', 'Sản phẩm chất lượng cao, đáp ứng tiêu chuẩn quốc gia', '2500000.00', '1', '0', NULL, '13', 'CÔNG TY TNHH CẢNH QUAN XANH VIỆT', NULL, NULL, NULL, NULL, 'https://images.unsplash.com/photo-1501594907352-04cda38ebc29?w=400', NULL, 'công nghệ', NULL, NULL, NULL, NULL, 'CÔNG TY TNHH CẢNH QUAN XANH VIỆT', NULL, '4', '2025-10-21 16:46:06');
INSERT INTO `products` (`id`, `name`, `slug`, `description`, `price`, `status`, `featured`, `images`, `supplier_id`, `manufacturer`, `origin`, `material_type`, `application`, `website`, `featured_image`, `product_function`, `category`, `thickness`, `color`, `warranty`, `stock`, `brand`, `classification`, `category_id`, `created_at`) VALUES ('35', 'Đèn sân vườn LED năng lượng mặt trời', 'n-sn-vn-led-nng-lng-mt-tri', 'Sản phẩm chất lượng cao, đáp ứng tiêu chuẩn quốc gia', '650000.00', '1', '0', NULL, '13', 'CÔNG TY TNHH CẢNH QUAN XANH VIỆT', NULL, NULL, NULL, NULL, 'https://images.unsplash.com/photo-1549497538-303791108f95?w=400', NULL, 'vật liệu', NULL, NULL, NULL, NULL, 'CÔNG TY TNHH CẢNH QUAN XANH VIỆT', NULL, '4', '2025-10-21 16:46:06');
INSERT INTO `products` (`id`, `name`, `slug`, `description`, `price`, `status`, `featured`, `images`, `supplier_id`, `manufacturer`, `origin`, `material_type`, `application`, `website`, `featured_image`, `product_function`, `category`, `thickness`, `color`, `warranty`, `stock`, `brand`, `classification`, `category_id`, `created_at`) VALUES ('36', 'Cây Kim Ngân cao 1.5m', 'cy-kim-ngn-cao-15m', 'Sản phẩm chất lượng cao, đáp ứng tiêu chuẩn quốc gia', '1200000.00', '1', '0', NULL, '14', 'CÔNG TY CỔ PHẦN CÔNG VIÊN CÂY XANH', NULL, NULL, NULL, NULL, 'https://images.unsplash.com/photo-1593018194758-086406bf2b21?w=400', NULL, 'cảnh quan', NULL, NULL, NULL, NULL, 'CÔNG TY CỔ PHẦN CÔNG VIÊN CÂY XANH', NULL, '4', '2025-10-21 16:46:06');
INSERT INTO `products` (`id`, `name`, `slug`, `description`, `price`, `status`, `featured`, `images`, `supplier_id`, `manufacturer`, `origin`, `material_type`, `application`, `website`, `featured_image`, `product_function`, `category`, `thickness`, `color`, `warranty`, `stock`, `brand`, `classification`, `category_id`, `created_at`) VALUES ('37', 'Cây Phượng Vĩ giống cao 2m', 'cy-phng-v-ging-cao-2m', 'Sản phẩm chất lượng cao, đáp ứng tiêu chuẩn quốc gia', '680000.00', '1', '0', NULL, '14', 'CÔNG TY CỔ PHẦN CÔNG VIÊN CÂY XANH', NULL, NULL, NULL, NULL, 'https://images.unsplash.com/photo-1501594907352-04cda38ebc29?w=400', NULL, 'cảnh quan', NULL, NULL, NULL, NULL, 'CÔNG TY CỔ PHẦN CÔNG VIÊN CÂY XANH', NULL, '4', '2025-10-21 16:46:06');
INSERT INTO `products` (`id`, `name`, `slug`, `description`, `price`, `status`, `featured`, `images`, `supplier_id`, `manufacturer`, `origin`, `material_type`, `application`, `website`, `featured_image`, `product_function`, `category`, `thickness`, `color`, `warranty`, `stock`, `brand`, `classification`, `category_id`, `created_at`) VALUES ('38', 'Hạt giống cỏ nhung Nhật', 'ht-ging-c-nhung-nht', 'Sản phẩm chất lượng cao, đáp ứng tiêu chuẩn quốc gia', '85000.00', '1', '0', NULL, '14', 'CÔNG TY CỔ PHẦN CÔNG VIÊN CÂY XANH', NULL, NULL, NULL, NULL, 'https://images.unsplash.com/photo-1416879595882-3373a0480b5b?w=400', NULL, 'cảnh quan', NULL, NULL, NULL, NULL, 'CÔNG TY CỔ PHẦN CÔNG VIÊN CÂY XANH', NULL, '4', '2025-10-21 16:46:06');
INSERT INTO `products` (`id`, `name`, `slug`, `description`, `price`, `status`, `featured`, `images`, `supplier_id`, `manufacturer`, `origin`, `material_type`, `application`, `website`, `featured_image`, `product_function`, `category`, `thickness`, `color`, `warranty`, `stock`, `brand`, `classification`, `category_id`, `created_at`) VALUES ('39', 'Máy lạnh trung tâm Đại Phát 50HP', 'my-lnh-trung-tm-i-pht-50hp', 'Sản phẩm chất lượng cao, đáp ứng tiêu chuẩn quốc gia', '99999999.99', '1', '0', NULL, '15', 'CÔNG TY TNHH ĐIỆN LẠNH ĐẠI PHÁT', NULL, NULL, NULL, NULL, 'https://images.unsplash.com/photo-1558618666-fcd25c85cd64?w=400', NULL, 'thiết bị', NULL, NULL, NULL, NULL, 'CÔNG TY TNHH ĐIỆN LẠNH ĐẠI PHÁT', NULL, '12', '2025-10-21 16:46:06');
INSERT INTO `products` (`id`, `name`, `slug`, `description`, `price`, `status`, `featured`, `images`, `supplier_id`, `manufacturer`, `origin`, `material_type`, `application`, `website`, `featured_image`, `product_function`, `category`, `thickness`, `color`, `warranty`, `stock`, `brand`, `classification`, `category_id`, `created_at`) VALUES ('40', 'Hệ thống điều hòa VRV Đại Phát', 'h-thng-iu-ha-vrv-i-pht', 'Sản phẩm chất lượng cao, đáp ứng tiêu chuẩn quốc gia', '95000000.00', '1', '0', NULL, '15', 'CÔNG TY TNHH ĐIỆN LẠNH ĐẠI PHÁT', NULL, NULL, NULL, NULL, 'https://images.unsplash.com/photo-1621905252507-b35492cc74b4?w=400', NULL, 'công nghệ', NULL, NULL, NULL, NULL, 'CÔNG TY TNHH ĐIỆN LẠNH ĐẠI PHÁT', NULL, '12', '2025-10-21 16:46:06');
INSERT INTO `products` (`id`, `name`, `slug`, `description`, `price`, `status`, `featured`, `images`, `supplier_id`, `manufacturer`, `origin`, `material_type`, `application`, `website`, `featured_image`, `product_function`, `category`, `thickness`, `color`, `warranty`, `stock`, `brand`, `classification`, `category_id`, `created_at`) VALUES ('41', 'Tủ điện phân phối 3 pha DP-TD001', 't-in-phn-phi-3-pha-dp-td001', 'Sản phẩm chất lượng cao, đáp ứng tiêu chuẩn quốc gia', '8500000.00', '1', '0', NULL, '15', 'CÔNG TY TNHH ĐIỆN LẠNH ĐẠI PHÁT', NULL, NULL, NULL, NULL, 'https://images.unsplash.com/photo-1586023492125-27b2c045efd7?w=400', NULL, 'cảnh quan', NULL, NULL, NULL, NULL, 'CÔNG TY TNHH ĐIỆN LẠNH ĐẠI PHÁT', NULL, '12', '2025-10-21 16:46:06');
INSERT INTO `products` (`id`, `name`, `slug`, `description`, `price`, `status`, `featured`, `images`, `supplier_id`, `manufacturer`, `origin`, `material_type`, `application`, `website`, `featured_image`, `product_function`, `category`, `thickness`, `color`, `warranty`, `stock`, `brand`, `classification`, `category_id`, `created_at`) VALUES ('42', 'Ống nhựa PVC Đông Á Φ114', 'ng-nha-pvc-ng--phi114', 'Sản phẩm chất lượng cao, đáp ứng tiêu chuẩn quốc gia', '125000.00', '1', '0', NULL, '16', 'CÔNG TY CỔ PHẦN NHỰA ĐÔNG Á', NULL, NULL, NULL, NULL, 'https://images.unsplash.com/photo-1586023492125-27b2c045efd7?w=400', NULL, 'vật liệu', NULL, NULL, NULL, NULL, 'CÔNG TY CỔ PHẦN NHỰA ĐÔNG Á', NULL, '12', '2025-10-21 16:46:06');
INSERT INTO `products` (`id`, `name`, `slug`, `description`, `price`, `status`, `featured`, `images`, `supplier_id`, `manufacturer`, `origin`, `material_type`, `application`, `website`, `featured_image`, `product_function`, `category`, `thickness`, `color`, `warranty`, `stock`, `brand`, `classification`, `category_id`, `created_at`) VALUES ('43', 'Ống HDPE Đông Á Φ90', 'ng-hdpe-ng--phi90', 'Sản phẩm chất lượng cao, đáp ứng tiêu chuẩn quốc gia', '95000.00', '1', '0', NULL, '16', 'CÔNG TY CỔ PHẦN NHỰA ĐÔNG Á', NULL, NULL, NULL, NULL, 'https://images.unsplash.com/photo-1567538096630-e0c55bd6374c?w=400', NULL, 'vật liệu', NULL, NULL, NULL, NULL, 'CÔNG TY CỔ PHẦN NHỰA ĐÔNG Á', NULL, '12', '2025-10-21 16:46:06');
INSERT INTO `products` (`id`, `name`, `slug`, `description`, `price`, `status`, `featured`, `images`, `supplier_id`, `manufacturer`, `origin`, `material_type`, `application`, `website`, `featured_image`, `product_function`, `category`, `thickness`, `color`, `warranty`, `stock`, `brand`, `classification`, `category_id`, `created_at`) VALUES ('44', 'Phụ kiện ống nước Đông Á - Khớp nối', 'ph-kin-ng-nc-ng----khp-ni', 'Sản phẩm chất lượng cao, đáp ứng tiêu chuẩn quốc gia', '45000.00', '1', '0', NULL, '16', 'CÔNG TY CỔ PHẦN NHỰA ĐÔNG Á', NULL, NULL, NULL, NULL, 'https://images.unsplash.com/photo-1581833971358-2c8b550f87b3?w=400', NULL, 'cảnh quan', NULL, NULL, NULL, NULL, 'CÔNG TY CỔ PHẦN NHỰA ĐÔNG Á', NULL, '12', '2025-10-21 16:46:06');
INSERT INTO `products` (`id`, `name`, `slug`, `description`, `price`, `status`, `featured`, `images`, `supplier_id`, `manufacturer`, `origin`, `material_type`, `application`, `website`, `featured_image`, `product_function`, `category`, `thickness`, `color`, `warranty`, `stock`, `brand`, `classification`, `category_id`, `created_at`) VALUES ('45', 'Bồn cầu 1 khối INAX AC-700VAN', 'bn-cu-1-khi-inax-ac-700van', 'Sản phẩm chất lượng cao, đáp ứng tiêu chuẩn quốc gia', '4850000.00', '1', '0', NULL, '17', 'CÔNG TY TNHH THIẾT BỊ VỆ SINH INAX', NULL, NULL, NULL, NULL, 'https://images.unsplash.com/photo-1553688738-a278b9f063ad?w=400', NULL, 'cảnh quan', NULL, NULL, NULL, NULL, 'CÔNG TY TNHH THIẾT BỊ VỆ SINH INAX', NULL, '13', '2025-10-21 16:46:06');
INSERT INTO `products` (`id`, `name`, `slug`, `description`, `price`, `status`, `featured`, `images`, `supplier_id`, `manufacturer`, `origin`, `material_type`, `application`, `website`, `featured_image`, `product_function`, `category`, `thickness`, `color`, `warranty`, `stock`, `brand`, `classification`, `category_id`, `created_at`) VALUES ('46', 'Lavabo âm bàn INAX AL-300V', 'lavabo-m-bn-inax-al-300v', 'Sản phẩm chất lượng cao, đáp ứng tiêu chuẩn quốc gia', '1250000.00', '1', '0', NULL, '17', 'CÔNG TY TNHH THIẾT BỊ VỆ SINH INAX', NULL, NULL, NULL, NULL, 'https://images.unsplash.com/photo-1555041469-a586c61ea9bc?w=400', NULL, 'vật liệu', NULL, NULL, NULL, NULL, 'CÔNG TY TNHH THIẾT BỊ VỆ SINH INAX', NULL, '13', '2025-10-21 16:46:06');
INSERT INTO `products` (`id`, `name`, `slug`, `description`, `price`, `status`, `featured`, `images`, `supplier_id`, `manufacturer`, `origin`, `material_type`, `application`, `website`, `featured_image`, `product_function`, `category`, `thickness`, `color`, `warranty`, `stock`, `brand`, `classification`, `category_id`, `created_at`) VALUES ('47', 'Vòi sen tắm đứng INAX BFV-10S', 'vi-sen-tm-ng-inax-bfv-10s', 'Sản phẩm chất lượng cao, đáp ứng tiêu chuẩn quốc gia', '2800000.00', '1', '0', NULL, '17', 'CÔNG TY TNHH THIẾT BỊ VỆ SINH INAX', NULL, NULL, NULL, NULL, 'https://images.unsplash.com/photo-1584622650111-993a426fbf0a?w=400', NULL, 'vật liệu', NULL, NULL, NULL, NULL, 'CÔNG TY TNHH THIẾT BỊ VỆ SINH INAX', NULL, '13', '2025-10-21 16:46:06');
INSERT INTO `products` (`id`, `name`, `slug`, `description`, `price`, `status`, `featured`, `images`, `supplier_id`, `manufacturer`, `origin`, `material_type`, `application`, `website`, `featured_image`, `product_function`, `category`, `thickness`, `color`, `warranty`, `stock`, `brand`, `classification`, `category_id`, `created_at`) VALUES ('48', 'Gương soi phòng tắm INAX KF-4560VA', 'gng-soi-phng-tm-inax-kf-4560va', 'Sản phẩm chất lượng cao, đáp ứng tiêu chuẩn quốc gia', '980000.00', '1', '0', NULL, '17', 'CÔNG TY TNHH THIẾT BỊ VỆ SINH INAX', NULL, NULL, NULL, NULL, 'https://images.unsplash.com/photo-1620626011761-996317b8d101?w=400', NULL, 'vật liệu', NULL, NULL, NULL, NULL, 'CÔNG TY TNHH THIẾT BỊ VỆ SINH INAX', NULL, '13', '2025-10-21 16:46:06');
INSERT INTO `products` (`id`, `name`, `slug`, `description`, `price`, `status`, `featured`, `images`, `supplier_id`, `manufacturer`, `origin`, `material_type`, `application`, `website`, `featured_image`, `product_function`, `category`, `thickness`, `color`, `warranty`, `stock`, `brand`, `classification`, `category_id`, `created_at`) VALUES ('49', 'Sàn gỗ tự nhiên Sồi Việt Đức 15mm', 'sn-g-t-nhin-si-vit-c-15mm', 'Sản phẩm chất lượng cao, đáp ứng tiêu chuẩn quốc gia', '680000.00', '1', '0', NULL, '18', 'CÔNG TY TNHH SÀN GỖ VIỆT ĐỨC', NULL, NULL, NULL, NULL, 'https://images.unsplash.com/photo-1578662996442-48f60103fc96?w=400', NULL, 'vật liệu', NULL, NULL, NULL, NULL, 'CÔNG TY TNHH SÀN GỖ VIỆT ĐỨC', NULL, '8', '2025-10-21 16:46:06');
INSERT INTO `products` (`id`, `name`, `slug`, `description`, `price`, `status`, `featured`, `images`, `supplier_id`, `manufacturer`, `origin`, `material_type`, `application`, `website`, `featured_image`, `product_function`, `category`, `thickness`, `color`, `warranty`, `stock`, `brand`, `classification`, `category_id`, `created_at`) VALUES ('50', 'Sàn gỗ công nghiệp HDF Việt Đức 12mm', 'sn-g-cng-nghip-hdf-vit-c-12mm', 'Sản phẩm chất lượng cao, đáp ứng tiêu chuẩn quốc gia', '385000.00', '1', '0', NULL, '18', 'CÔNG TY TNHH SÀN GỖ VIỆT ĐỨC', NULL, NULL, NULL, NULL, 'https://images.unsplash.com/photo-1549497538-303791108f95?w=400', NULL, 'cảnh quan', NULL, NULL, NULL, NULL, 'CÔNG TY TNHH SÀN GỖ VIỆT ĐỨC', NULL, '8', '2025-10-21 16:46:06');
INSERT INTO `products` (`id`, `name`, `slug`, `description`, `price`, `status`, `featured`, `images`, `supplier_id`, `manufacturer`, `origin`, `material_type`, `application`, `website`, `featured_image`, `product_function`, `category`, `thickness`, `color`, `warranty`, `stock`, `brand`, `classification`, `category_id`, `created_at`) VALUES ('51', 'Sàn Laminate chống nước Việt Đức 8mm', 'sn-laminate-chng-nc-vit-c-8mm', 'Sản phẩm chất lượng cao, đáp ứng tiêu chuẩn quốc gia', '285000.00', '1', '0', NULL, '18', 'CÔNG TY TNHH SÀN GỖ VIỆT ĐỨC', NULL, NULL, NULL, NULL, 'https://images.unsplash.com/photo-1578662996442-48f60103fc96?w=400', NULL, 'cảnh quan', NULL, NULL, NULL, NULL, 'CÔNG TY TNHH SÀN GỖ VIỆT ĐỨC', NULL, '8', '2025-10-21 16:46:06');
INSERT INTO `products` (`id`, `name`, `slug`, `description`, `price`, `status`, `featured`, `images`, `supplier_id`, `manufacturer`, `origin`, `material_type`, `application`, `website`, `featured_image`, `product_function`, `category`, `thickness`, `color`, `warranty`, `stock`, `brand`, `classification`, `category_id`, `created_at`) VALUES ('52', 'Thảm trải sàn len Đông Dương 2x3m', 'thm-tri-sn-len-ng-dng-2x3m', 'Sản phẩm chất lượng cao, đáp ứng tiêu chuẩn quốc gia', '2500000.00', '1', '0', NULL, '19', 'CÔNG TY CỔ PHẦN THẢM TRANG TRÍ ĐÔNG DƯƠNG', NULL, NULL, NULL, NULL, 'https://images.unsplash.com/photo-1503387762-592deb58ef4e?w=400', NULL, 'vật liệu', NULL, NULL, NULL, NULL, 'CÔNG TY CỔ PHẦN THẢM TRANG TRÍ ĐÔNG DƯƠNG', NULL, '8', '2025-10-21 16:46:06');
INSERT INTO `products` (`id`, `name`, `slug`, `description`, `price`, `status`, `featured`, `images`, `supplier_id`, `manufacturer`, `origin`, `material_type`, `application`, `website`, `featured_image`, `product_function`, `category`, `thickness`, `color`, `warranty`, `stock`, `brand`, `classification`, `category_id`, `created_at`) VALUES ('53', 'Thảm văn phòng chống cháy DD-VP001', 'thm-vn-phng-chng-chy-dd-vp001', 'Sản phẩm chất lượng cao, đáp ứng tiêu chuẩn quốc gia', '450000.00', '1', '0', NULL, '19', 'CÔNG TY CỔ PHẦN THẢM TRANG TRÍ ĐÔNG DƯƠNG', NULL, NULL, NULL, NULL, 'https://images.unsplash.com/photo-1503387762-592deb58ef4e?w=400', NULL, 'vật liệu', NULL, NULL, NULL, NULL, 'CÔNG TY CỔ PHẦN THẢM TRANG TRÍ ĐÔNG DƯƠNG', NULL, '8', '2025-10-21 16:46:06');
INSERT INTO `products` (`id`, `name`, `slug`, `description`, `price`, `status`, `featured`, `images`, `supplier_id`, `manufacturer`, `origin`, `material_type`, `application`, `website`, `featured_image`, `product_function`, `category`, `thickness`, `color`, `warranty`, `stock`, `brand`, `classification`, `category_id`, `created_at`) VALUES ('54', 'Xi măng Portland PCB40 Hoàng Thạch', NULL, 'Xi măng Portland chất lượng cao, phù hợp cho các công trình xây dựng dân dụng và công nghiệp.', '165000.00', '1', '0', NULL, '1', NULL, NULL, NULL, NULL, NULL, 'assets/images/products/xi-mang.jpg', NULL, 'vật liệu', NULL, NULL, NULL, NULL, 'Hoàng Thạch', 'Xi măng', NULL, '2025-10-22 10:05:04');
INSERT INTO `products` (`id`, `name`, `slug`, `description`, `price`, `status`, `featured`, `images`, `supplier_id`, `manufacturer`, `origin`, `material_type`, `application`, `website`, `featured_image`, `product_function`, `category`, `thickness`, `color`, `warranty`, `stock`, `brand`, `classification`, `category_id`, `created_at`) VALUES ('55', 'Thép xây dựng Hòa Phát D10', NULL, 'Thép xây dựng chất lượng cao, đạt tiêu chuẩn TCVN, độ bền cao.', '18500.00', '1', '0', NULL, '1', NULL, NULL, NULL, NULL, NULL, 'assets/images/products/thep.jpg', NULL, 'vật liệu', NULL, NULL, NULL, NULL, 'Hòa Phát', 'Thép xây dựng', NULL, '2025-10-22 10:05:04');
INSERT INTO `products` (`id`, `name`, `slug`, `description`, `price`, `status`, `featured`, `images`, `supplier_id`, `manufacturer`, `origin`, `material_type`, `application`, `website`, `featured_image`, `product_function`, `category`, `thickness`, `color`, `warranty`, `stock`, `brand`, `classification`, `category_id`, `created_at`) VALUES ('56', 'Gạch ống đỏ 4 lỗ Đồng Nai', NULL, 'Gạch ống đỏ chất lượng cao, độ bền tốt, kích thước chuẩn 6x9x19cm.', '850.00', '1', '0', NULL, '1', NULL, NULL, NULL, NULL, NULL, 'assets/images/products/gach-ong.jpg', NULL, 'vật liệu', NULL, NULL, NULL, NULL, 'Đồng Nai', 'Gạch xây', NULL, '2025-10-22 10:05:04');
INSERT INTO `products` (`id`, `name`, `slug`, `description`, `price`, `status`, `featured`, `images`, `supplier_id`, `manufacturer`, `origin`, `material_type`, `application`, `website`, `featured_image`, `product_function`, `category`, `thickness`, `color`, `warranty`, `stock`, `brand`, `classification`, `category_id`, `created_at`) VALUES ('57', 'Máy khoan búa Bosch GBH 2-28', NULL, 'Máy khoan búa chuyên nghiệp, công suất 880W, phù hợp cho các công việc khoan tường, bê tông.', '3250000.00', '1', '0', NULL, '1', NULL, NULL, NULL, NULL, NULL, 'assets/images/products/may-khoan.jpg', NULL, 'thiết bị', NULL, NULL, NULL, NULL, 'Bosch', 'Máy khoan', NULL, '2025-10-22 10:05:04');
INSERT INTO `products` (`id`, `name`, `slug`, `description`, `price`, `status`, `featured`, `images`, `supplier_id`, `manufacturer`, `origin`, `material_type`, `application`, `website`, `featured_image`, `product_function`, `category`, `thickness`, `color`, `warranty`, `stock`, `brand`, `classification`, `category_id`, `created_at`) VALUES ('58', 'Máy cưa đĩa Makita 5704R', NULL, 'Máy cưa đĩa cầm tay, lưỡi cưa 190mm, phù hợp cắt gỗ và kim loại.', '2850000.00', '1', '0', NULL, '1', NULL, NULL, NULL, NULL, NULL, 'assets/images/products/may-cua.jpg', NULL, 'thiết bị', NULL, NULL, NULL, NULL, 'Makita', 'Máy cưa', NULL, '2025-10-22 10:05:04');
INSERT INTO `products` (`id`, `name`, `slug`, `description`, `price`, `status`, `featured`, `images`, `supplier_id`, `manufacturer`, `origin`, `material_type`, `application`, `website`, `featured_image`, `product_function`, `category`, `thickness`, `color`, `warranty`, `stock`, `brand`, `classification`, `category_id`, `created_at`) VALUES ('59', 'Hệ thống Smart Home Xiaomi', NULL, 'Hệ thống nhà thông minh hoàn chỉnh với cảm biến, điều khiển từ xa qua smartphone.', '12500000.00', '1', '0', NULL, '1', NULL, NULL, NULL, NULL, NULL, 'assets/images/products/smart-home.jpg', NULL, 'công nghệ', NULL, NULL, NULL, NULL, 'Xiaomi', 'Nhà thông minh', NULL, '2025-10-22 10:05:04');
INSERT INTO `products` (`id`, `name`, `slug`, `description`, `price`, `status`, `featured`, `images`, `supplier_id`, `manufacturer`, `origin`, `material_type`, `application`, `website`, `featured_image`, `product_function`, `category`, `thickness`, `color`, `warranty`, `stock`, `brand`, `classification`, `category_id`, `created_at`) VALUES ('60', 'Hệ thống năng lượng mặt trời 3kW', NULL, 'Hệ thống pin mặt trời hoàn chỉnh 3kW, bao gồm panel, inverter và phụ kiện.', '45000000.00', '1', '0', NULL, '1', NULL, NULL, NULL, NULL, NULL, 'assets/images/products/solar.jpg', NULL, 'công nghệ', NULL, NULL, NULL, NULL, 'SolarTech', 'Năng lượng xanh', NULL, '2025-10-22 10:05:04');
INSERT INTO `products` (`id`, `name`, `slug`, `description`, `price`, `status`, `featured`, `images`, `supplier_id`, `manufacturer`, `origin`, `material_type`, `application`, `website`, `featured_image`, `product_function`, `category`, `thickness`, `color`, `warranty`, `stock`, `brand`, `classification`, `category_id`, `created_at`) VALUES ('61', 'Cây xanh cảnh quan - Cọ Cảnh', NULL, 'Cây cọ cảnh cao 1.5-2m, phù hợp trang trí sân vườn, khu resort.', '850000.00', '1', '0', NULL, '1', NULL, NULL, NULL, NULL, NULL, 'assets/images/products/cay-co.jpg', NULL, 'cảnh quan', NULL, NULL, NULL, NULL, 'Green Garden', 'Cây xanh', NULL, '2025-10-22 10:05:04');
INSERT INTO `products` (`id`, `name`, `slug`, `description`, `price`, `status`, `featured`, `images`, `supplier_id`, `manufacturer`, `origin`, `material_type`, `application`, `website`, `featured_image`, `product_function`, `category`, `thickness`, `color`, `warranty`, `stock`, `brand`, `classification`, `category_id`, `created_at`) VALUES ('62', 'Đá cuội trang trí sân vườn', NULL, 'Đá cuội tự nhiên size 3-5cm, màu sắc đa dạng, phù hợp trang trí lối đi.', '145000.00', '1', '0', NULL, '1', NULL, NULL, NULL, NULL, NULL, 'assets/images/products/da-cuoi.jpg', NULL, 'cảnh quan', NULL, NULL, NULL, NULL, 'Natural Stone', 'Đá trang trí', NULL, '2025-10-22 10:05:04');


-- Table structure for table `scheduled_publishings`
DROP TABLE IF EXISTS `scheduled_publishings`;
CREATE TABLE `scheduled_publishings` (
  `id` int(11) NOT NULL AUTO_INCREMENT,
  `model_type` varchar(100) DEFAULT NULL,
  `model_id` int(11) DEFAULT NULL,
  `publish_at` datetime DEFAULT NULL,
  `status` varchar(50) DEFAULT 'pending',
  `created_at` timestamp NOT NULL DEFAULT current_timestamp(),
  PRIMARY KEY (`id`)
) ENGINE=InnoDB DEFAULT CHARSET=utf8mb4 COLLATE=utf8mb4_unicode_ci;

-- Dumping data for table `scheduled_publishings`

-- Table structure for table `sliders`
DROP TABLE IF EXISTS `sliders`;
CREATE TABLE `sliders` (
  `id` int(11) NOT NULL AUTO_INCREMENT,
  `title` varchar(255) DEFAULT NULL,
  `subtitle` varchar(255) DEFAULT NULL,
  `description` text DEFAULT NULL,
  `image` varchar(255) DEFAULT NULL,
  `link` varchar(255) DEFAULT NULL,
  `link_text` varchar(100) DEFAULT NULL,
  `start_date` datetime DEFAULT NULL,
  `end_date` datetime DEFAULT NULL,
  `status` tinyint(1) DEFAULT 1,
  `display_order` int(11) DEFAULT 0,
  PRIMARY KEY (`id`)
) ENGINE=InnoDB AUTO_INCREMENT=6 DEFAULT CHARSET=utf8mb4 COLLATE=utf8mb4_unicode_ci;

-- Dumping data for table `sliders`
INSERT INTO `sliders` (`id`, `title`, `subtitle`, `description`, `image`, `link`, `link_text`, `start_date`, `end_date`, `status`, `display_order`) VALUES ('1', 'Vật Liệu Xây Dựng Chất Lượng Cao', 'Giải pháp hoàn hảo cho công trình của bạn', 'Chúng tôi cung cấp đầy đủ các loại vật liệu xây dựng từ xi măng, sắt thép đến gạch ốp lát cao cấp', 'https://images.unsplash.com/photo-1541888946425-d81bb19240f5?w=1920&h=1080&fit=crop', 'materials.php', 'Xem Vật Liệu', '2025-10-24 00:00:00', '2025-10-27 00:00:00', '1', '1');
INSERT INTO `sliders` (`id`, `title`, `subtitle`, `description`, `image`, `link`, `link_text`, `start_date`, `end_date`, `status`, `display_order`) VALUES ('2', 'Thiết Bị Thi Công Hiện Đại', 'Tăng năng suất - Tiết kiệm chi phí', 'Máy móc thiết bị thi công với công nghệ tiên tiến nhất', 'https://images.unsplash.com/photo-1504307651254-35680f356dfd?w=1920&h=1080&fit=crop', 'equipment.php', 'Xem Thiết Bị', '0000-00-00 00:00:00', '2025-10-31 00:00:00', '1', '2');
INSERT INTO `sliders` (`id`, `title`, `subtitle`, `description`, `image`, `link`, `link_text`, `start_date`, `end_date`, `status`, `display_order`) VALUES ('3', 'Công Nghệ Xây Dựng Tiên Tiến', 'Ứng dụng công nghệ 4.0', 'Giải pháp công nghệ mới nhất trong ngành xây dựng', 'https://images.unsplash.com/photo-1503387762-592deb58ef4e?w=1920&h=1080&fit=crop', 'technology.php', 'Khám Phá Công Nghệ', NULL, NULL, '1', '3');
INSERT INTO `sliders` (`id`, `title`, `subtitle`, `description`, `image`, `link`, `link_text`, `start_date`, `end_date`, `status`, `display_order`) VALUES ('4', 'Đối Tác Uy Tín Hàng Đầu', 'Mạng lưới nhà cung cấp chuyên nghiệp', 'Kết nối với các nhà cung cấp uy tín trong ngành', 'https://images.unsplash.com/photo-1581094794329-c8112c4e5190?w=1920&h=1080&fit=crop', 'suppliers.php', 'Xem Đối Tác', NULL, NULL, '1', '4');
INSERT INTO `sliders` (`id`, `title`, `subtitle`, `description`, `image`, `link`, `link_text`, `start_date`, `end_date`, `status`, `display_order`) VALUES ('5', 'Ưu Đãi Đặc Biệt Tháng 10', 'Giảm giá lên đến 30%', 'Chương trình khuyến mãi lớn nhất trong năm', 'https://images.unsplash.com/photo-1590682680551-2dc08f8089d4?w=1920&h=1080&fit=crop', 'products.php', 'Tìm hiểu thêm', '2025-10-26 00:00:00', '2025-10-28 00:00:00', '1', '5');


-- Table structure for table `supplier_categories`
DROP TABLE IF EXISTS `supplier_categories`;
CREATE TABLE `supplier_categories` (
  `id` int(11) NOT NULL AUTO_INCREMENT,
  `name` varchar(255) DEFAULT NULL,
  `slug` varchar(255) DEFAULT NULL,
  `description` text DEFAULT NULL,
  `icon` varchar(100) DEFAULT NULL,
  `color` varchar(20) DEFAULT NULL,
  `order_index` int(11) DEFAULT NULL,
  `status` tinyint(1) DEFAULT 1,
  `created_at` timestamp NOT NULL DEFAULT current_timestamp(),
  PRIMARY KEY (`id`)
) ENGINE=InnoDB AUTO_INCREMENT=6 DEFAULT CHARSET=utf8mb4 COLLATE=utf8mb4_unicode_ci;

-- Dumping data for table `supplier_categories`
INSERT INTO `supplier_categories` (`id`, `name`, `slug`, `description`, `icon`, `color`, `order_index`, `status`, `created_at`) VALUES ('1', 'Vật liệu xây dựng', 'vat-lieu-xay-dung', 'Cung cấp vật liệu xây dựng cơ bản như xi măng, sắt thép, gạch...', 'fas fa-building', '#e74c3c', '1', '1', '2025-10-21 11:18:36');
INSERT INTO `supplier_categories` (`id`, `name`, `slug`, `description`, `icon`, `color`, `order_index`, `status`, `created_at`) VALUES ('2', 'Nội thất', 'noi-that', 'Thiết kế và cung cấp nội thất cho công trình', 'fas fa-couch', '#9b59b6', '2', '1', '2025-10-21 11:18:36');
INSERT INTO `supplier_categories` (`id`, `name`, `slug`, `description`, `icon`, `color`, `order_index`, `status`, `created_at`) VALUES ('3', 'Cảnh quan', 'canh-quan', 'Thiết kế và thi công cảnh quan, sân vườn', 'fas fa-tree', '#27ae60', '3', '1', '2025-10-21 11:18:36');
INSERT INTO `supplier_categories` (`id`, `name`, `slug`, `description`, `icon`, `color`, `order_index`, `status`, `created_at`) VALUES ('4', 'Điện - Nước', 'dien-nuoc', 'Hệ thống điện, nước và các tiện ích kỹ thuật', 'fas fa-bolt', '#f39c12', '4', '1', '2025-10-21 11:18:36');
INSERT INTO `supplier_categories` (`id`, `name`, `slug`, `description`, `icon`, `color`, `order_index`, `status`, `created_at`) VALUES ('5', 'Sàn và tường', 'san-va-tuong', 'Vật liệu ốp lát, sàn gỗ, gạch men, giấy dán tường', 'fas fa-th-large', '#3498db', '5', '1', '2025-10-21 11:18:36');


-- Table structure for table `supplier_products`
DROP TABLE IF EXISTS `supplier_products`;
CREATE TABLE `supplier_products` (
  `id` int(11) NOT NULL AUTO_INCREMENT,
  `supplier_id` int(11) DEFAULT NULL,
  `name` varchar(255) DEFAULT NULL,
  `slug` varchar(255) DEFAULT NULL,
  `description` text DEFAULT NULL,
  `short_description` text DEFAULT NULL,
  `category` varchar(100) DEFAULT NULL,
  `subcategory` varchar(100) DEFAULT NULL,
  `specifications` text DEFAULT NULL,
  `features` text DEFAULT NULL,
  `applications` text DEFAULT NULL,
  `price_range` varchar(100) DEFAULT NULL,
  `unit` varchar(50) DEFAULT NULL,
  `min_order_quantity` int(11) DEFAULT NULL,
  `availability_status` varchar(50) DEFAULT NULL,
  `primary_image` varchar(255) DEFAULT NULL,
  `gallery` text DEFAULT NULL,
  `meta_title` varchar(255) DEFAULT NULL,
  `meta_description` text DEFAULT NULL,
  `status` tinyint(1) DEFAULT 1,
  `is_featured` tinyint(1) DEFAULT 0,
  `views_count` int(11) DEFAULT 0,
  `created_at` timestamp NOT NULL DEFAULT current_timestamp(),
  `updated_at` timestamp NOT NULL DEFAULT current_timestamp() ON UPDATE current_timestamp(),
  PRIMARY KEY (`id`),
  KEY `supplier_id` (`supplier_id`),
  CONSTRAINT `supplier_products_ibfk_1` FOREIGN KEY (`supplier_id`) REFERENCES `suppliers` (`id`) ON DELETE CASCADE
) ENGINE=InnoDB AUTO_INCREMENT=4 DEFAULT CHARSET=utf8mb4 COLLATE=utf8mb4_unicode_ci;

-- Dumping data for table `supplier_products`
INSERT INTO `supplier_products` (`id`, `supplier_id`, `name`, `slug`, `description`, `short_description`, `category`, `subcategory`, `specifications`, `features`, `applications`, `price_range`, `unit`, `min_order_quantity`, `availability_status`, `primary_image`, `gallery`, `meta_title`, `meta_description`, `status`, `is_featured`, `views_count`, `created_at`, `updated_at`) VALUES ('1', '1', 'Sàn nhựa vinyl Resilient Flooring', 'san-nhua-vinyl-resilient-flooring', 'Sàn nhựa vinyl chất lượng cao, được ứng dụng rộng rãi trong các lĩnh vực như thể thao, giáo dục, y tế và thương mại. Sản phẩm nổi bật với độ bền cao, kháng khuẩn, khả năng chống trượt.', 'Sàn nhựa vinyl chất lượng cao cho nhiều ứng dụng', 'Sàn', 'Sàn vinyl', '{\"thickness\": \"2-8mm\", \"width\": \"200-1500mm\", \"length\": \"900-1500mm\", \"wear_layer\": \"0.2-0.7mm\"}', 'Chống trượt, Kháng khuẩn, Chống ẩm, Dễ vệ sinh, Thân thiện môi trường', 'Phòng GYM, SPA, Khu vui chơi, Văn phòng, Sân chơi, Công trình dân dụng', '200,000 - 800,000 VND/m²', 'm²', NULL, 'in_stock', NULL, NULL, NULL, NULL, '1', '1', '0', '2025-10-21 11:21:07', '2025-10-21 11:21:07');
INSERT INTO `supplier_products` (`id`, `supplier_id`, `name`, `slug`, `description`, `short_description`, `category`, `subcategory`, `specifications`, `features`, `applications`, `price_range`, `unit`, `min_order_quantity`, `availability_status`, `primary_image`, `gallery`, `meta_title`, `meta_description`, `status`, `is_featured`, `views_count`, `created_at`, `updated_at`) VALUES ('2', '1', 'Sàn gỗ Laminate chịu lực', 'san-go-laminate-chiu-luc', 'Sàn gỗ laminate của Bỉ với thiết kế sang trọng, độ bền cao, chịu nước tốt và dễ vệ sinh. Phù hợp cho không gian cao cấp như khách sạn, văn phòng và nhà ở.', 'Sàn gỗ laminate cao cấp từ Bỉ', 'Sàn', 'Sàn gỗ', '{\"thickness\": \"8-12mm\", \"width\": \"190-240mm\", \"length\": \"1200-1380mm\", \"AC_rating\": \"AC3-AC5\"}', 'Chịu nước, Chống trầy xước, Dễ lắp đặt, Bảo hành dài hạn', 'Sảnh hành lang, Phòng khách, Văn phòng, Nhà ở cao cấp', '300,000 - 1,200,000 VND/m²', 'm²', NULL, 'in_stock', NULL, NULL, NULL, NULL, '1', '0', '0', '2025-10-21 11:21:07', '2025-10-21 11:21:07');
INSERT INTO `supplier_products` (`id`, `supplier_id`, `name`, `slug`, `description`, `short_description`, `category`, `subcategory`, `specifications`, `features`, `applications`, `price_range`, `unit`, `min_order_quantity`, `availability_status`, `primary_image`, `gallery`, `meta_title`, `meta_description`, `status`, `is_featured`, `views_count`, `created_at`, `updated_at`) VALUES ('3', '1', 'Giấy dán tường Fidelity cao cấp', 'giay-dan-tuong-fidelity', 'Giấy dán tường Fidelity – thương hiệu cao cấp đến từ Hoa Kỳ. Sản phẩm nổi bật với độ bền cao, khả năng chống ẩm mốc, dễ vệ sinh và phù hợp với những không gian yêu cầu sự sang trọng.', 'Giấy dán tường cao cấp từ Hoa Kỳ', 'Tường', 'Giấy dán tường', '{\"width\": \"52-70cm\", \"length\": \"10-15m\", \"pattern_repeat\": \"32-64cm\", \"material\": \"Non-woven, Vinyl\"}', 'Chống ẩm mốc, Dễ vệ sinh, Chống trầy xước, Màu sắc bền đẹp', 'Sảnh hành lang, Phòng khách, Văn phòng, Công trình dân dụng', '150,000 - 500,000 VND/m²', 'm²', NULL, 'in_stock', NULL, NULL, NULL, NULL, '1', '0', '0', '2025-10-21 11:21:07', '2025-10-21 11:21:07');


-- Table structure for table `suppliers`
DROP TABLE IF EXISTS `suppliers`;
CREATE TABLE `suppliers` (
  `id` int(11) NOT NULL AUTO_INCREMENT,
  `name` varchar(255) DEFAULT NULL,
  `slug` varchar(255) DEFAULT NULL,
  `code` varchar(50) DEFAULT NULL,
  `company_type` varchar(50) DEFAULT NULL,
  `email` varchar(255) DEFAULT NULL,
  `phone` varchar(20) DEFAULT NULL,
  `fax` varchar(20) DEFAULT NULL,
  `website` varchar(255) DEFAULT NULL,
  `address` text DEFAULT NULL,
  `city` varchar(100) DEFAULT NULL,
  `province` varchar(100) DEFAULT NULL,
  `country` varchar(100) DEFAULT NULL,
  `postal_code` varchar(20) DEFAULT NULL,
  `location` varchar(255) DEFAULT NULL,
  `description` text DEFAULT NULL,
  `business_license` varchar(100) DEFAULT NULL,
  `tax_code` varchar(50) DEFAULT NULL,
  `established_year` int(11) DEFAULT NULL,
  `employees_count` int(11) DEFAULT NULL,
  `category_id` int(11) DEFAULT NULL,
  `services` text DEFAULT NULL,
  `specialties` text DEFAULT NULL,
  `logo` varchar(255) DEFAULT NULL,
  `cover_image` varchar(255) DEFAULT NULL,
  `brochure` varchar(255) DEFAULT NULL,
  `facebook` varchar(255) DEFAULT NULL,
  `linkedin` varchar(255) DEFAULT NULL,
  `youtube` varchar(255) DEFAULT NULL,
  `instagram` varchar(255) DEFAULT NULL,
  `payment_terms` text DEFAULT NULL,
  `delivery_areas` text DEFAULT NULL,
  `certifications` text DEFAULT NULL,
  `status` tinyint(1) DEFAULT 1,
  `is_featured` tinyint(1) DEFAULT 0,
  `is_verified` tinyint(1) DEFAULT 0,
  `views_count` int(11) DEFAULT 0,
  `meta_title` varchar(255) DEFAULT NULL,
  `meta_description` text DEFAULT NULL,
  `created_at` timestamp NOT NULL DEFAULT current_timestamp(),
  `updated_at` timestamp NOT NULL DEFAULT current_timestamp() ON UPDATE current_timestamp(),
  PRIMARY KEY (`id`),
  KEY `category_id` (`category_id`),
  CONSTRAINT `suppliers_ibfk_1` FOREIGN KEY (`category_id`) REFERENCES `supplier_categories` (`id`) ON DELETE SET NULL
) ENGINE=InnoDB AUTO_INCREMENT=24 DEFAULT CHARSET=utf8mb4 COLLATE=utf8mb4_unicode_ci;

-- Dumping data for table `suppliers`
INSERT INTO `suppliers` (`id`, `name`, `slug`, `code`, `company_type`, `email`, `phone`, `fax`, `website`, `address`, `city`, `province`, `country`, `postal_code`, `location`, `description`, `business_license`, `tax_code`, `established_year`, `employees_count`, `category_id`, `services`, `specialties`, `logo`, `cover_image`, `brochure`, `facebook`, `linkedin`, `youtube`, `instagram`, `payment_terms`, `delivery_areas`, `certifications`, `status`, `is_featured`, `is_verified`, `views_count`, `meta_title`, `meta_description`, `created_at`, `updated_at`) VALUES ('1', 'CÔNG TY TNHH STELLA GLOBAL VIỆT NAM', 'stella-global-viet-nam', 'STELLA001', 'limited', 'info@stellaglobal.com', '0932707188', NULL, 'www.stellaglobal.com', '34E Trần Khánh Dư, Phường Tân Định, Quận 1', 'Hồ Chí Minh', 'Hồ Chí Minh', 'Vietnam', NULL, 'Hồ Chí Minh', 'Stella Global chuyên cung cấp các giải pháp sàn nhựa vinyl chất lượng cao, được ứng dụng rộng rãi trong các lĩnh vực như thể thao, giáo dục, y tế và thương mại.', NULL, NULL, NULL, NULL, '5', '[\"Phân phối\", \"Lắp đặt\", \"Tư vấn thiết kế\"]', 'Sàn nhựa vinyl, Sàn cao su, Thảm trang trí, Giấy dán tường cao cấp', 'https://images.unsplash.com/photo-1560472354-b33ff0c44a43?w=200', NULL, NULL, NULL, NULL, NULL, NULL, NULL, '[\"Hồ Chí Minh\", \"Hà Nội\", \"Đà Nẵng\", \"Cần Thơ\"]', '[\"ISO 9001:2015\", \"ISO 14001:2015\", \"CE Certification\"]', '1', '1', '1', '156', NULL, NULL, '2025-10-21 11:21:07', '2025-10-21 16:55:21');
INSERT INTO `suppliers` (`id`, `name`, `slug`, `code`, `company_type`, `email`, `phone`, `fax`, `website`, `address`, `city`, `province`, `country`, `postal_code`, `location`, `description`, `business_license`, `tax_code`, `established_year`, `employees_count`, `category_id`, `services`, `specialties`, `logo`, `cover_image`, `brochure`, `facebook`, `linkedin`, `youtube`, `instagram`, `payment_terms`, `delivery_areas`, `certifications`, `status`, `is_featured`, `is_verified`, `views_count`, `meta_title`, `meta_description`, `created_at`, `updated_at`) VALUES ('2', 'CÔNG TY CỔ PHẦN VẬT LIỆU XÂY DỰNG VIỆT TIẾN', 'viet-tien-building-materials', 'VTBM002', 'limited', 'info@viettien.com', '0287654321', NULL, NULL, '123 Đường Nguyễn Văn Cừ, Quận 5', 'Hồ Chí Minh', 'Hồ Chí Minh', 'Vietnam', NULL, 'Hồ Chí Minh', 'Chuyên cung cấp xi măng, sắt thép, gạch block và các vật liệu xây dựng cơ bản chất lượng cao.', NULL, NULL, NULL, NULL, '1', '[\"Phân phối\", \"Vận chuyển\", \"Tư vấn kỹ thuật\"]', 'Xi măng, Sắt thép, Gạch block, Cát đá', 'https://images.unsplash.com/photo-1516802273409-68526ee1bdd6?w=200', NULL, NULL, NULL, NULL, NULL, NULL, NULL, NULL, NULL, '1', '0', '0', '89', NULL, NULL, '2025-10-21 11:21:07', '2025-10-21 16:55:21');
INSERT INTO `suppliers` (`id`, `name`, `slug`, `code`, `company_type`, `email`, `phone`, `fax`, `website`, `address`, `city`, `province`, `country`, `postal_code`, `location`, `description`, `business_license`, `tax_code`, `established_year`, `employees_count`, `category_id`, `services`, `specialties`, `logo`, `cover_image`, `brochure`, `facebook`, `linkedin`, `youtube`, `instagram`, `payment_terms`, `delivery_areas`, `certifications`, `status`, `is_featured`, `is_verified`, `views_count`, `meta_title`, `meta_description`, `created_at`, `updated_at`) VALUES ('3', 'CÔNG TY TNHH THIẾT KẾ NỘI THẤT MODERN HOME', 'modern-home-furniture', 'MHF003', 'limited', 'contact@modernhome.vn', '0981234567', NULL, NULL, '456 Lê Văn Sỹ, Quận 3', 'Hồ Chí Minh', 'Hồ Chí Minh', 'Vietnam', NULL, 'Hồ Chí Minh', 'Thiết kế và thi công nội thất hiện đại cho căn hộ, văn phòng và không gian thương mại.', NULL, NULL, NULL, NULL, '2', '[\"Thiết kế\", \"Thi công\", \"Bảo hành\"]', 'Nội thất văn phòng, Nội thật gia đình, Tủ bếp', 'https://images.unsplash.com/photo-1486406146926-c627a92ad1ab?w=200', NULL, NULL, NULL, NULL, NULL, NULL, NULL, NULL, NULL, '1', '1', '0', '134', NULL, NULL, '2025-10-21 11:21:07', '2025-10-21 16:55:21');
INSERT INTO `suppliers` (`id`, `name`, `slug`, `code`, `company_type`, `email`, `phone`, `fax`, `website`, `address`, `city`, `province`, `country`, `postal_code`, `location`, `description`, `business_license`, `tax_code`, `established_year`, `employees_count`, `category_id`, `services`, `specialties`, `logo`, `cover_image`, `brochure`, `facebook`, `linkedin`, `youtube`, `instagram`, `payment_terms`, `delivery_areas`, `certifications`, `status`, `is_featured`, `is_verified`, `views_count`, `meta_title`, `meta_description`, `created_at`, `updated_at`) VALUES ('4', 'CÔNG TY CỔ PHẦN XI MĂNG HOÀNG THẠCH', 'xi-mang-hoang-thach', NULL, NULL, 'info@hoangthachcement.com', '0274.3831.888', NULL, NULL, 'Đường Quốc lộ 1A, Phường Hoàng Văn Thụ, TP. Hòa Bình', NULL, NULL, NULL, NULL, NULL, 'Sản xuất và phân phối xi măng chất lượng cao, cung cấp toàn quốc', NULL, NULL, NULL, NULL, '1', NULL, NULL, 'https://images.unsplash.com/photo-1560472355-536de3962603?w=200', NULL, NULL, NULL, NULL, NULL, NULL, NULL, NULL, NULL, '1', '0', '0', '0', NULL, NULL, '2025-10-21 16:46:06', '2025-10-21 16:55:21');
INSERT INTO `suppliers` (`id`, `name`, `slug`, `code`, `company_type`, `email`, `phone`, `fax`, `website`, `address`, `city`, `province`, `country`, `postal_code`, `location`, `description`, `business_license`, `tax_code`, `established_year`, `employees_count`, `category_id`, `services`, `specialties`, `logo`, `cover_image`, `brochure`, `facebook`, `linkedin`, `youtube`, `instagram`, `payment_terms`, `delivery_areas`, `certifications`, `status`, `is_featured`, `is_verified`, `views_count`, `meta_title`, `meta_description`, `created_at`, `updated_at`) VALUES ('5', 'CÔNG TY TNHH THÉP POMINA', 'thep-pomina', NULL, NULL, 'sales@pomina.com.vn', '028.3622.4567', NULL, NULL, 'Số 2A Đường Nguyễn Thị Minh Khai, Q.3, TP.HCM', NULL, NULL, NULL, NULL, NULL, 'Sản xuất thép xây dựng, thép cuộn, thép hình', NULL, NULL, NULL, NULL, '1', NULL, NULL, 'https://images.unsplash.com/photo-1560472354-b33ff0c44a43?w=200', NULL, NULL, NULL, NULL, NULL, NULL, NULL, NULL, NULL, '1', '0', '0', '0', NULL, NULL, '2025-10-21 16:46:06', '2025-10-21 16:55:21');
INSERT INTO `suppliers` (`id`, `name`, `slug`, `code`, `company_type`, `email`, `phone`, `fax`, `website`, `address`, `city`, `province`, `country`, `postal_code`, `location`, `description`, `business_license`, `tax_code`, `established_year`, `employees_count`, `category_id`, `services`, `specialties`, `logo`, `cover_image`, `brochure`, `facebook`, `linkedin`, `youtube`, `instagram`, `payment_terms`, `delivery_areas`, `certifications`, `status`, `is_featured`, `is_verified`, `views_count`, `meta_title`, `meta_description`, `created_at`, `updated_at`) VALUES ('6', 'CÔNG TY CỔ PHẦN GẠCH ỐP LÁT ĐỒNG TÂM', 'gach-dong-tam', NULL, NULL, 'info@dongtam.vn', '0650.3831.999', NULL, NULL, 'KCN Mỹ Xuân B, Tỉnh Bà Rịa - Vũng Tàu', NULL, NULL, NULL, NULL, NULL, 'Sản xuất gạch ốp lát, gạch granite, gạch ceramic cao cấp', NULL, NULL, NULL, NULL, '1', NULL, NULL, 'https://images.unsplash.com/photo-1560472355-536de3962603?w=200', NULL, NULL, NULL, NULL, NULL, NULL, NULL, NULL, NULL, '1', '0', '0', '0', NULL, NULL, '2025-10-21 16:46:06', '2025-10-21 16:55:21');
INSERT INTO `suppliers` (`id`, `name`, `slug`, `code`, `company_type`, `email`, `phone`, `fax`, `website`, `address`, `city`, `province`, `country`, `postal_code`, `location`, `description`, `business_license`, `tax_code`, `established_year`, `employees_count`, `category_id`, `services`, `specialties`, `logo`, `cover_image`, `brochure`, `facebook`, `linkedin`, `youtube`, `instagram`, `payment_terms`, `delivery_areas`, `certifications`, `status`, `is_featured`, `is_verified`, `views_count`, `meta_title`, `meta_description`, `created_at`, `updated_at`) VALUES ('7', 'CÔNG TY CỔ PHẦN SƠN HÀ NỘI', 'son-ha-noi', NULL, NULL, 'contact@sonhanoi.com', '024.3574.8888', NULL, NULL, 'Số 8 Phạm Hùng, Cầu Giấy, Hà Nội', NULL, NULL, NULL, NULL, NULL, 'Sản xuất sơn nước, sơn dầu, sơn chống thấm chất lượng cao', NULL, NULL, NULL, NULL, '1', NULL, NULL, 'https://images.unsplash.com/photo-1486406146926-c627a92ad1ab?w=200', NULL, NULL, NULL, NULL, NULL, NULL, NULL, NULL, NULL, '1', '0', '0', '0', NULL, NULL, '2025-10-21 16:46:06', '2025-10-21 16:55:21');
INSERT INTO `suppliers` (`id`, `name`, `slug`, `code`, `company_type`, `email`, `phone`, `fax`, `website`, `address`, `city`, `province`, `country`, `postal_code`, `location`, `description`, `business_license`, `tax_code`, `established_year`, `employees_count`, `category_id`, `services`, `specialties`, `logo`, `cover_image`, `brochure`, `facebook`, `linkedin`, `youtube`, `instagram`, `payment_terms`, `delivery_areas`, `certifications`, `status`, `is_featured`, `is_verified`, `views_count`, `meta_title`, `meta_description`, `created_at`, `updated_at`) VALUES ('8', 'CÔNG TY TNHH KÍNH VIỆT NHẬT', 'kinh-viet-nhat', NULL, NULL, 'info@vietnhatglass.com', '028.3825.7777', NULL, NULL, '123 Lê Lợi, Q.1, TP.HCM', NULL, NULL, NULL, NULL, NULL, 'Kính xây dựng, kính cường lực, kính phản quang', NULL, NULL, NULL, NULL, '1', NULL, NULL, 'https://images.unsplash.com/photo-1516802273409-68526ee1bdd6?w=200', NULL, NULL, NULL, NULL, NULL, NULL, NULL, NULL, NULL, '1', '0', '0', '0', NULL, NULL, '2025-10-21 16:46:06', '2025-10-21 16:55:21');
INSERT INTO `suppliers` (`id`, `name`, `slug`, `code`, `company_type`, `email`, `phone`, `fax`, `website`, `address`, `city`, `province`, `country`, `postal_code`, `location`, `description`, `business_license`, `tax_code`, `established_year`, `employees_count`, `category_id`, `services`, `specialties`, `logo`, `cover_image`, `brochure`, `facebook`, `linkedin`, `youtube`, `instagram`, `payment_terms`, `delivery_areas`, `certifications`, `status`, `is_featured`, `is_verified`, `views_count`, `meta_title`, `meta_description`, `created_at`, `updated_at`) VALUES ('9', 'CÔNG TY TNHH NỘI THẤT HOÀNG GIA', 'noi-that-hoang-gia', NULL, NULL, 'sales@hoanggiagroup.vn', '024.3573.2222', NULL, NULL, 'Số 456 Nguyễn Trãi, Thanh Xuân, Hà Nội', NULL, NULL, NULL, NULL, NULL, 'Thiết kế và thi công nội thất cao cấp, tủ bếp, nội thất văn phòng', NULL, NULL, NULL, NULL, '2', NULL, NULL, 'https://images.unsplash.com/photo-1560472354-b33ff0c44a43?w=200', NULL, NULL, NULL, NULL, NULL, NULL, NULL, NULL, NULL, '1', '0', '0', '0', NULL, NULL, '2025-10-21 16:46:06', '2025-10-21 16:55:21');
INSERT INTO `suppliers` (`id`, `name`, `slug`, `code`, `company_type`, `email`, `phone`, `fax`, `website`, `address`, `city`, `province`, `country`, `postal_code`, `location`, `description`, `business_license`, `tax_code`, `established_year`, `employees_count`, `category_id`, `services`, `specialties`, `logo`, `cover_image`, `brochure`, `facebook`, `linkedin`, `youtube`, `instagram`, `payment_terms`, `delivery_areas`, `certifications`, `status`, `is_featured`, `is_verified`, `views_count`, `meta_title`, `meta_description`, `created_at`, `updated_at`) VALUES ('10', 'CÔNG TY CỔ PHẦN NỘI THẤT AN CƯỜNG', 'noi-that-an-cuong', NULL, NULL, 'info@ancuong.com', '028.3927.1111', NULL, NULL, 'Lô E2a-7, Đường D1, KCN Sài Gòn, TP.HCM', NULL, NULL, NULL, NULL, NULL, 'Sản xuất gỗ MDF, HDF, tủ bếp, cửa gỗ công nghiệp', NULL, NULL, NULL, NULL, '2', NULL, NULL, 'https://images.unsplash.com/photo-1560472355-536de3962603?w=200', NULL, NULL, NULL, NULL, NULL, NULL, NULL, NULL, NULL, '1', '0', '0', '0', NULL, NULL, '2025-10-21 16:46:06', '2025-10-21 16:55:21');
INSERT INTO `suppliers` (`id`, `name`, `slug`, `code`, `company_type`, `email`, `phone`, `fax`, `website`, `address`, `city`, `province`, `country`, `postal_code`, `location`, `description`, `business_license`, `tax_code`, `established_year`, `employees_count`, `category_id`, `services`, `specialties`, `logo`, `cover_image`, `brochure`, `facebook`, `linkedin`, `youtube`, `instagram`, `payment_terms`, `delivery_areas`, `certifications`, `status`, `is_featured`, `is_verified`, `views_count`, `meta_title`, `meta_description`, `created_at`, `updated_at`) VALUES ('11', 'CÔNG TY TNHH TỦ BẾP ACRYLIC VIỆT NAM', 'tu-bep-acrylic', NULL, NULL, 'contact@acrylicvn.com', '0236.3955.333', NULL, NULL, 'KCN Hòa Khánh, Q.Liên Chiểu, TP.Đà Nẵng', NULL, NULL, NULL, NULL, NULL, 'Chuyên sản xuất tủ bếp acrylic, tủ bếp laminate cao cấp', NULL, NULL, NULL, NULL, '2', NULL, NULL, 'https://images.unsplash.com/photo-1486406146926-c627a92ad1ab?w=200', NULL, NULL, NULL, NULL, NULL, NULL, NULL, NULL, NULL, '1', '0', '0', '0', NULL, NULL, '2025-10-21 16:46:06', '2025-10-21 16:55:21');
INSERT INTO `suppliers` (`id`, `name`, `slug`, `code`, `company_type`, `email`, `phone`, `fax`, `website`, `address`, `city`, `province`, `country`, `postal_code`, `location`, `description`, `business_license`, `tax_code`, `established_year`, `employees_count`, `category_id`, `services`, `specialties`, `logo`, `cover_image`, `brochure`, `facebook`, `linkedin`, `youtube`, `instagram`, `payment_terms`, `delivery_areas`, `certifications`, `status`, `is_featured`, `is_verified`, `views_count`, `meta_title`, `meta_description`, `created_at`, `updated_at`) VALUES ('12', 'CÔNG TY CỔ PHẦN NITORI VIỆT NAM', 'nitori-vietnam', NULL, NULL, 'info@nitori.vn', '028.7108.8888', NULL, NULL, 'Tầng 6, Tòa nhà Sài Gòn Centre, Q.1, TP.HCM', NULL, NULL, NULL, NULL, NULL, 'Nội thất gia đình phong cách Nhật Bản, đồ dùng gia đình', NULL, NULL, NULL, NULL, '2', NULL, NULL, 'https://images.unsplash.com/photo-1516802273409-68526ee1bdd6?w=200', NULL, NULL, NULL, NULL, NULL, NULL, NULL, NULL, NULL, '1', '0', '0', '0', NULL, NULL, '2025-10-21 16:46:06', '2025-10-21 16:55:21');
INSERT INTO `suppliers` (`id`, `name`, `slug`, `code`, `company_type`, `email`, `phone`, `fax`, `website`, `address`, `city`, `province`, `country`, `postal_code`, `location`, `description`, `business_license`, `tax_code`, `established_year`, `employees_count`, `category_id`, `services`, `specialties`, `logo`, `cover_image`, `brochure`, `facebook`, `linkedin`, `youtube`, `instagram`, `payment_terms`, `delivery_areas`, `certifications`, `status`, `is_featured`, `is_verified`, `views_count`, `meta_title`, `meta_description`, `created_at`, `updated_at`) VALUES ('13', 'CÔNG TY TNHH CẢNH QUAN XANH VIỆT', 'canh-quan-xanh-viet', NULL, NULL, 'info@greenlandscape.vn', '028.3848.9999', NULL, NULL, '789 Võ Văn Tần, Q.3, TP.HCM', NULL, NULL, NULL, NULL, NULL, 'Thiết kế cảnh quan, thi công sân vườn, cây xanh đô thị', NULL, NULL, NULL, NULL, '3', NULL, NULL, 'https://images.unsplash.com/photo-1560472354-b33ff0c44a43?w=200', NULL, NULL, NULL, NULL, NULL, NULL, NULL, NULL, NULL, '1', '0', '0', '0', NULL, NULL, '2025-10-21 16:46:06', '2025-10-21 16:55:21');
INSERT INTO `suppliers` (`id`, `name`, `slug`, `code`, `company_type`, `email`, `phone`, `fax`, `website`, `address`, `city`, `province`, `country`, `postal_code`, `location`, `description`, `business_license`, `tax_code`, `established_year`, `employees_count`, `category_id`, `services`, `specialties`, `logo`, `cover_image`, `brochure`, `facebook`, `linkedin`, `youtube`, `instagram`, `payment_terms`, `delivery_areas`, `certifications`, `status`, `is_featured`, `is_verified`, `views_count`, `meta_title`, `meta_description`, `created_at`, `updated_at`) VALUES ('14', 'CÔNG TY CỔ PHẦN CÔNG VIÊN CÂY XANH', 'cong-vien-cay-xanh', NULL, NULL, 'sales@greenparkco.vn', '024.3715.4444', NULL, NULL, 'Số 15 Tô Ngọc Vân, Tây Hồ, Hà Nội', NULL, NULL, NULL, NULL, NULL, 'Cung cấp cây giống, thiết bị tưới, vật tư cảnh quan', NULL, NULL, NULL, NULL, '3', NULL, NULL, 'https://images.unsplash.com/photo-1560472355-536de3962603?w=200', NULL, NULL, NULL, NULL, NULL, NULL, NULL, NULL, NULL, '1', '0', '0', '0', NULL, NULL, '2025-10-21 16:46:06', '2025-10-21 16:55:21');
INSERT INTO `suppliers` (`id`, `name`, `slug`, `code`, `company_type`, `email`, `phone`, `fax`, `website`, `address`, `city`, `province`, `country`, `postal_code`, `location`, `description`, `business_license`, `tax_code`, `established_year`, `employees_count`, `category_id`, `services`, `specialties`, `logo`, `cover_image`, `brochure`, `facebook`, `linkedin`, `youtube`, `instagram`, `payment_terms`, `delivery_areas`, `certifications`, `status`, `is_featured`, `is_verified`, `views_count`, `meta_title`, `meta_description`, `created_at`, `updated_at`) VALUES ('15', 'CÔNG TY TNHH ĐIỆN LẠNH ĐẠI PHÁT', 'dien-lanh-dai-phat', NULL, NULL, 'info@dienlanhphat.com', '028.3842.6666', NULL, NULL, '234 Lý Thường Kiệt, Q.Tân Bình, TP.HCM', NULL, NULL, NULL, NULL, NULL, 'Hệ thống điện, điện lạnh, máy lạnh công nghiệp', NULL, NULL, NULL, NULL, '4', NULL, NULL, 'https://images.unsplash.com/photo-1486406146926-c627a92ad1ab?w=200', NULL, NULL, NULL, NULL, NULL, NULL, NULL, NULL, NULL, '1', '0', '0', '0', NULL, NULL, '2025-10-21 16:46:06', '2025-10-21 16:55:21');
INSERT INTO `suppliers` (`id`, `name`, `slug`, `code`, `company_type`, `email`, `phone`, `fax`, `website`, `address`, `city`, `province`, `country`, `postal_code`, `location`, `description`, `business_license`, `tax_code`, `established_year`, `employees_count`, `category_id`, `services`, `specialties`, `logo`, `cover_image`, `brochure`, `facebook`, `linkedin`, `youtube`, `instagram`, `payment_terms`, `delivery_areas`, `certifications`, `status`, `is_featured`, `is_verified`, `views_count`, `meta_title`, `meta_description`, `created_at`, `updated_at`) VALUES ('16', 'CÔNG TY CỔ PHẦN NHỰA ĐÔNG Á', 'nhua-dong-a', NULL, NULL, 'contact@dongaplastic.com', '0274.3567.888', NULL, NULL, 'KCN Phố Nối A, Huyện Yên Mỹ, Tỉnh Hưng Yên', NULL, NULL, NULL, NULL, NULL, 'Ống nhựa PVC, ống HDPE, phụ kiện đường ống', NULL, NULL, NULL, NULL, '4', NULL, NULL, 'https://images.unsplash.com/photo-1516802273409-68526ee1bdd6?w=200', NULL, NULL, NULL, NULL, NULL, NULL, NULL, NULL, NULL, '1', '0', '0', '0', NULL, NULL, '2025-10-21 16:46:06', '2025-10-21 16:55:21');
INSERT INTO `suppliers` (`id`, `name`, `slug`, `code`, `company_type`, `email`, `phone`, `fax`, `website`, `address`, `city`, `province`, `country`, `postal_code`, `location`, `description`, `business_license`, `tax_code`, `established_year`, `employees_count`, `category_id`, `services`, `specialties`, `logo`, `cover_image`, `brochure`, `facebook`, `linkedin`, `youtube`, `instagram`, `payment_terms`, `delivery_areas`, `certifications`, `status`, `is_featured`, `is_verified`, `views_count`, `meta_title`, `meta_description`, `created_at`, `updated_at`) VALUES ('17', 'CÔNG TY TNHH THIẾT BỊ VỆ SINH INAX', 'thiet-bi-ve-sinh-inax', NULL, NULL, 'info@inax.com.vn', '028.3848.1111', NULL, NULL, 'Lô I-3A, KCN Đông Nam, Long Thành, Đồng Nai', NULL, NULL, NULL, NULL, NULL, 'Thiết bị vệ sinh cao cấp, bồn cầu, lavabo, vòi sen', NULL, NULL, NULL, NULL, '4', NULL, NULL, 'https://images.unsplash.com/photo-1560472354-b33ff0c44a43?w=200', NULL, NULL, NULL, NULL, NULL, NULL, NULL, NULL, NULL, '1', '0', '0', '0', NULL, NULL, '2025-10-21 16:46:06', '2025-10-21 16:55:21');
INSERT INTO `suppliers` (`id`, `name`, `slug`, `code`, `company_type`, `email`, `phone`, `fax`, `website`, `address`, `city`, `province`, `country`, `postal_code`, `location`, `description`, `business_license`, `tax_code`, `established_year`, `employees_count`, `category_id`, `services`, `specialties`, `logo`, `cover_image`, `brochure`, `facebook`, `linkedin`, `youtube`, `instagram`, `payment_terms`, `delivery_areas`, `certifications`, `status`, `is_featured`, `is_verified`, `views_count`, `meta_title`, `meta_description`, `created_at`, `updated_at`) VALUES ('18', 'CÔNG TY TNHH SÀN GỖ VIỆT ĐỨC', 'san-go-viet-duc', NULL, NULL, 'sales@vietducfloor.com', '024.3768.5555', NULL, NULL, 'Km 28, Quốc lộ 5, Huyện Gia Lâm, Hà Nội', NULL, NULL, NULL, NULL, NULL, 'Sàn gỗ tự nhiên, sàn gỗ công nghiệp, sàn laminate', NULL, NULL, NULL, NULL, '5', NULL, NULL, 'https://images.unsplash.com/photo-1560472355-536de3962603?w=200', NULL, NULL, NULL, NULL, NULL, NULL, NULL, NULL, NULL, '1', '0', '0', '0', NULL, NULL, '2025-10-21 16:46:06', '2025-10-21 16:55:21');
INSERT INTO `suppliers` (`id`, `name`, `slug`, `code`, `company_type`, `email`, `phone`, `fax`, `website`, `address`, `city`, `province`, `country`, `postal_code`, `location`, `description`, `business_license`, `tax_code`, `established_year`, `employees_count`, `category_id`, `services`, `specialties`, `logo`, `cover_image`, `brochure`, `facebook`, `linkedin`, `youtube`, `instagram`, `payment_terms`, `delivery_areas`, `certifications`, `status`, `is_featured`, `is_verified`, `views_count`, `meta_title`, `meta_description`, `created_at`, `updated_at`) VALUES ('19', 'CÔNG TY CỔ PHẦN THẢM TRANG TRÍ ĐÔNG DƯƠNG', 'tham-dong-duong', NULL, NULL, 'info@dongduongcarpet.vn', '028.3715.2222', NULL, NULL, 'Số 67 Nam Kỳ Khởi Nghĩa, Q.3, TP.HCM', NULL, NULL, NULL, NULL, NULL, 'Thảm trải sàn, thảm trang trí, thảm văn phòng cao cấp', NULL, NULL, NULL, NULL, '5', NULL, NULL, 'https://images.unsplash.com/photo-1486406146926-c627a92ad1ab?w=200', NULL, NULL, NULL, NULL, NULL, NULL, NULL, NULL, NULL, '1', '0', '0', '0', NULL, NULL, '2025-10-21 16:46:06', '2025-10-21 16:55:21');
INSERT INTO `suppliers` (`id`, `name`, `slug`, `code`, `company_type`, `email`, `phone`, `fax`, `website`, `address`, `city`, `province`, `country`, `postal_code`, `location`, `description`, `business_license`, `tax_code`, `established_year`, `employees_count`, `category_id`, `services`, `specialties`, `logo`, `cover_image`, `brochure`, `facebook`, `linkedin`, `youtube`, `instagram`, `payment_terms`, `delivery_areas`, `certifications`, `status`, `is_featured`, `is_verified`, `views_count`, `meta_title`, `meta_description`, `created_at`, `updated_at`) VALUES ('20', 'CÔNG TY TNHH GIẤY DÁN TƯỜNG KOREA', 'giay-dan-tuong-korea', NULL, NULL, 'contact@koreawallpaper.vn', '028.3927.7777', NULL, NULL, '456 Nguyễn Đình Chiểu, Q.3, TP.HCM', NULL, NULL, NULL, NULL, NULL, 'Giấy dán tường Hàn Quốc, giấy dán tường cao cấp', NULL, NULL, NULL, NULL, '5', NULL, NULL, 'https://images.unsplash.com/photo-1516802273409-68526ee1bdd6?w=200', NULL, NULL, NULL, NULL, NULL, NULL, NULL, NULL, NULL, '1', '0', '0', '0', NULL, NULL, '2025-10-21 16:46:06', '2025-10-21 16:55:21');
INSERT INTO `suppliers` (`id`, `name`, `slug`, `code`, `company_type`, `email`, `phone`, `fax`, `website`, `address`, `city`, `province`, `country`, `postal_code`, `location`, `description`, `business_license`, `tax_code`, `established_year`, `employees_count`, `category_id`, `services`, `specialties`, `logo`, `cover_image`, `brochure`, `facebook`, `linkedin`, `youtube`, `instagram`, `payment_terms`, `delivery_areas`, `certifications`, `status`, `is_featured`, `is_verified`, `views_count`, `meta_title`, `meta_description`, `created_at`, `updated_at`) VALUES ('21', 'CÔNG TY CỔ PHẦN SÀN NHỰA VINYL PLUS', 'san-nhua-vinyl-plus', NULL, NULL, 'info@vinylplus.vn', '0236.3822.666', NULL, NULL, 'KCN Điện Nam - Điện Ngọc, Quảng Nam', NULL, NULL, NULL, NULL, NULL, 'Sàn nhựa vinyl, sàn SPC, sàn nhựa hèm khóa', NULL, NULL, NULL, NULL, '5', NULL, NULL, 'https://images.unsplash.com/photo-1560472354-b33ff0c44a43?w=200', NULL, NULL, NULL, NULL, NULL, NULL, NULL, NULL, NULL, '1', '0', '0', '0', NULL, NULL, '2025-10-21 16:46:06', '2025-10-21 16:55:21');
INSERT INTO `suppliers` (`id`, `name`, `slug`, `code`, `company_type`, `email`, `phone`, `fax`, `website`, `address`, `city`, `province`, `country`, `postal_code`, `location`, `description`, `business_license`, `tax_code`, `established_year`, `employees_count`, `category_id`, `services`, `specialties`, `logo`, `cover_image`, `brochure`, `facebook`, `linkedin`, `youtube`, `instagram`, `payment_terms`, `delivery_areas`, `certifications`, `status`, `is_featured`, `is_verified`, `views_count`, `meta_title`, `meta_description`, `created_at`, `updated_at`) VALUES ('22', 'CÔNG TY TNHH VẬT LIỆU XÂY DỰNG SAIGON', 'vat-lieu-saigon', NULL, NULL, 'info@saigonmaterials.com', '028.3974.8888', NULL, NULL, '123 Điện Biên Phủ, Q.Bình Thạnh, TP.HCM', NULL, NULL, NULL, NULL, NULL, 'Phân phối vật liệu xây dựng, thiết bị công trình', NULL, NULL, NULL, NULL, '1', NULL, NULL, 'https://images.unsplash.com/photo-1516802273409-68526ee1bdd6?w=200', NULL, NULL, NULL, NULL, NULL, NULL, NULL, NULL, NULL, '1', '0', '0', '0', NULL, NULL, '2025-10-21 16:46:06', '2025-10-21 16:55:21');
INSERT INTO `suppliers` (`id`, `name`, `slug`, `code`, `company_type`, `email`, `phone`, `fax`, `website`, `address`, `city`, `province`, `country`, `postal_code`, `location`, `description`, `business_license`, `tax_code`, `established_year`, `employees_count`, `category_id`, `services`, `specialties`, `logo`, `cover_image`, `brochure`, `facebook`, `linkedin`, `youtube`, `instagram`, `payment_terms`, `delivery_areas`, `certifications`, `status`, `is_featured`, `is_verified`, `views_count`, `meta_title`, `meta_description`, `created_at`, `updated_at`) VALUES ('23', 'CÔNG TY CỔ PHẦN KÍNH CƯỜNG LỰC VIỆT NAM', 'kinh-cuong-luc-vietnam', NULL, NULL, 'sales@vietnamglass.vn', '024.3562.9999', NULL, NULL, 'KCN Quang Minh, Mê Linh, Hà Nội', NULL, NULL, NULL, NULL, NULL, 'Kính cường lực, kính an toàn, mặt dựng kính', NULL, NULL, NULL, NULL, '1', NULL, NULL, 'https://images.unsplash.com/photo-1486406146926-c627a92ad1ab?w=200', NULL, NULL, NULL, NULL, NULL, NULL, NULL, NULL, NULL, '1', '0', '0', '0', NULL, NULL, '2025-10-21 16:46:06', '2025-10-21 16:55:21');


-- Table structure for table `users`
DROP TABLE IF EXISTS `users`;
CREATE TABLE `users` (
  `id` int(11) NOT NULL AUTO_INCREMENT,
  `username` varchar(50) DEFAULT NULL,
  `full_name` varchar(100) DEFAULT NULL,
  `name` varchar(255) DEFAULT NULL,
  `email` varchar(255) DEFAULT NULL,
  `password` varchar(255) DEFAULT NULL,
  `oauth_provider` varchar(20) DEFAULT NULL,
  `oauth_id` varchar(255) DEFAULT NULL,
  `role` varchar(50) DEFAULT 'user',
  `status` tinyint(1) DEFAULT 1,
  `created_at` timestamp NOT NULL DEFAULT current_timestamp(),
  `avatar` varchar(255) DEFAULT NULL,
  `bio` text DEFAULT NULL,
  `updated_at` timestamp NOT NULL DEFAULT current_timestamp() ON UPDATE current_timestamp(),
  PRIMARY KEY (`id`),
  UNIQUE KEY `email` (`email`),
  UNIQUE KEY `username` (`username`)
) ENGINE=InnoDB AUTO_INCREMENT=6 DEFAULT CHARSET=utf8mb4 COLLATE=utf8mb4_unicode_ci;

-- Dumping data for table `users`
INSERT INTO `users` (`id`, `username`, `full_name`, `name`, `email`, `password`, `oauth_provider`, `oauth_id`, `role`, `status`, `created_at`, `avatar`, `bio`, `updated_at`) VALUES ('1', 'admin', 'Admin', 'Admin', 'admin@vnmt.com', '$2y$10$fQ3Rmw62vmPl2eT8RwxD5eF9Jn9Zj03ghBBI8VG/0hboZxiqrG/6q', NULL, NULL, 'admin', '1', '2025-10-21 11:18:20', NULL, NULL, '2025-10-25 14:45:14');
INSERT INTO `users` (`id`, `username`, `full_name`, `name`, `email`, `password`, `oauth_provider`, `oauth_id`, `role`, `status`, `created_at`, `avatar`, `bio`, `updated_at`) VALUES ('2', 'nguyenvana', 'Nguyễn Văn A', NULL, 'nguyenvana@example.com', '$2y$10$lGAp5DDm9AhIqIgsBEDNe..Aie49X/UWSAKaadXb.RSxHHv9SV1ze', NULL, NULL, 'user', '1', '2025-10-25 14:45:14', 'https://ui-avatars.com/api/?name=Nguyen+Van+A&background=38bdf8&color=fff&size=200', 'Kỹ sư xây dựng với 10 năm kinh nghiệm', '2025-10-25 14:45:14');
INSERT INTO `users` (`id`, `username`, `full_name`, `name`, `email`, `password`, `oauth_provider`, `oauth_id`, `role`, `status`, `created_at`, `avatar`, `bio`, `updated_at`) VALUES ('3', 'tranthib', 'Trần Thị B', NULL, 'tranthib@example.com', '$2y$10$Z1ZK1i.Wv.kFaks18sSfE.iMD3fd6A5GUps834o/p/jNwYUWrqs2a', NULL, NULL, 'user', '1', '2025-10-25 14:45:14', 'https://ui-avatars.com/api/?name=Tran+Thi+B&background=10b981&color=fff&size=200', 'Chuyên gia tư vấn vật liệu xây dựng', '2025-10-25 14:45:14');
INSERT INTO `users` (`id`, `username`, `full_name`, `name`, `email`, `password`, `oauth_provider`, `oauth_id`, `role`, `status`, `created_at`, `avatar`, `bio`, `updated_at`) VALUES ('4', 'leminhhung', 'Lê Minh Hùng', NULL, 'leminhhung@example.com', '$2y$10$GOZghr7CJvCcqS9ixLX4xujnw2FHS9XFovNXH6ALHmrhE52n85S7y', NULL, NULL, 'user', '1', '2025-10-25 14:45:14', 'https://ui-avatars.com/api/?name=Le+Minh+Hung&background=f59e0b&color=fff&size=200', 'Kiến trúc sư và nhà thiết kế nội thất', '2025-10-25 14:45:14');
INSERT INTO `users` (`id`, `username`, `full_name`, `name`, `email`, `password`, `oauth_provider`, `oauth_id`, `role`, `status`, `created_at`, `avatar`, `bio`, `updated_at`) VALUES ('5', 'sang17', 'nguyễn sang', NULL, 'sang170901@gmail.com', '$2y$10$HvvW5wmdGZKEBlbK9hQrZeKntGyZUKlEhqOC2lAk33vT6IG.BdUXu', NULL, NULL, 'user', '1', '2025-10-25 15:39:27', 'https://ui-avatars.com/api/?name=nguy%E1%BB%85n+sang&background=38bdf8&color=fff&size=200', NULL, '2025-10-25 15:39:27');


-- Table structure for table `vouchers`
DROP TABLE IF EXISTS `vouchers`;
CREATE TABLE `vouchers` (
  `id` int(11) NOT NULL AUTO_INCREMENT,
  `code` varchar(100) DEFAULT NULL,
  `discount_type` varchar(50) DEFAULT NULL,
  `discount_value` decimal(10,2) DEFAULT NULL,
  `min_purchase` decimal(10,2) DEFAULT NULL,
  `max_uses` int(11) DEFAULT NULL,
  `used_count` int(11) DEFAULT 0,
  `start_date` datetime DEFAULT NULL,
  `end_date` datetime DEFAULT NULL,
  `supplier_id` int(11) DEFAULT NULL,
  `status` tinyint(1) DEFAULT 1,
  PRIMARY KEY (`id`),
  KEY `supplier_id` (`supplier_id`),
  CONSTRAINT `vouchers_ibfk_1` FOREIGN KEY (`supplier_id`) REFERENCES `suppliers` (`id`) ON DELETE SET NULL
) ENGINE=InnoDB DEFAULT CHARSET=utf8mb4 COLLATE=utf8mb4_unicode_ci;

-- Dumping data for table `vouchers`
